severity,issue,campaign,ad_group,keyword,match_type,kw_theme,expected_theme,expected_slugs,actual_theme,actual_slug,final_url,suggested_url,status,line
CRITICAL,キーワードテーマとFinal URLが不一致,大阪府＿車内クリーニング,車内 灯油 こぼし,車内 灯油 こぼし,Phrase,灯油,灯油,touyu-kobosi,ペット毛,pet-ke,https://carinteriorcleaning.jp/regions/osaka/pet-ke/,https://carinteriorcleaning.jp/regions/osaka/touyu-kobosi/,Enabled,267
CRITICAL,キーワードテーマとFinal URLが不一致,宮城県＿車内クリーニング,車内 灯油 こぼし,車内 灯油 こぼし,Phrase,灯油,灯油,touyu-kobosi,ペット毛,pet-ke,https://carinteriorcleaning.jp/regions/miyagi/pet-ke/,https://carinteriorcleaning.jp/regions/miyagi/touyu-kobosi/,Enabled,1313
CRITICAL,キーワードテーマとFinal URLが不一致,愛知県＿車内クリーニング,車内 灯油 こぼし,車内 灯油 こぼし,Phrase,灯油,灯油,touyu-kobosi,ペット毛,pet-ke,https://carinteriorcleaning.jp/regions/aichi/pet-ke/,https://carinteriorcleaning.jp/regions/aichi/touyu-kobosi/,Enabled,1911
CRITICAL,キーワードテーマとFinal URLが不一致,千葉県＿車内クリーニング,車内 灯油 こぼし,車内 灯油 こぼし,Phrase,灯油,灯油,touyu-kobosi,ペット毛,pet-ke,https://carinteriorcleaning.jp/regions/chiba/pet-ke/,https://carinteriorcleaning.jp/regions/chiba/touyu-kobosi/,Enabled,2512
CRITICAL,キーワードテーマとFinal URLが不一致,兵庫県＿車内クリーニング,車内 灯油 こぼし,車内 灯油 こぼし,Phrase,灯油,灯油,touyu-kobosi,ペット毛,pet-ke,https://carinteriorcleaning.jp/regions/hyogo/pet-ke/,https://carinteriorcleaning.jp/regions/hyogo/touyu-kobosi/,Enabled,3111
CRITICAL,キーワードテーマとFinal URLが不一致,福岡県＿車内クリーニング,車内 灯油 こぼし,車内 灯油 こぼし,Phrase,灯油,灯油,touyu-kobosi,ペット毛,pet-ke,https://carinteriorcleaning.jp/regions/fukuoka/pet-ke/,https://carinteriorcleaning.jp/regions/fukuoka/touyu-kobosi/,Enabled,3711
CRITICAL,キーワードテーマとFinal URLが不一致,群馬県＿車内クリーニング,車内 灯油 こぼし,車内 灯油 こぼし,Phrase,灯油,灯油,touyu-kobosi,ペット毛,pet-ke,https://carinteriorcleaning.jp/regions/gunma/pet-ke/,https://carinteriorcleaning.jp/regions/gunma/touyu-kobosi/,Enabled,4303
CRITICAL,キーワードテーマとFinal URLが不一致,栃木県＿車内クリーニング,車内 灯油 こぼし,車内 灯油 こぼし,Phrase,灯油,灯油,touyu-kobosi,ペット毛,pet-ke,https://carinteriorcleaning.jp/regions/tochigi/pet-ke/,https://carinteriorcleaning.jp/regions/tochigi/touyu-kobosi/,Enabled,4909
MEDIUM,キーワードテーマとFinal URLが不一致,大阪府＿車内クリーニング,車内 消臭・脱臭洗浄,車 シート 嘔吐 臭い,Phrase,嘔吐,嘔吐/ゲロ/子供嘔吐/保険嘔吐/バス専門,kyuto-cleaning|vomit-cleaning|gero-cleaning|kodomo-kyuto|hoken-kyuto|bus-senmon,消臭脱臭,shanai-shoshu,https://carinteriorcleaning.jp/regions/osaka/shanai-shoshu/,https://carinteriorcleaning.jp/regions/osaka/kyuto-cleaning/,Enabled,159
MEDIUM,キーワードテーマとFinal URLが不一致,大阪府＿車内クリーニング,AG_緊急_ペット,ペット 粗相 車 消臭,Phrase,ペットうんち,ペットうんち,pet-unko|pet-waste,おしっこ,oshikko,https://carinteriorcleaning.jp/regions/osaka/oshikko/,https://carinteriorcleaning.jp/regions/osaka/pet-unko/,Enabled,354
MEDIUM,キーワードテーマとFinal URLが不一致,大阪府＿車内クリーニング,AG_消臭_湿気カビ,車 湿気 臭い シート 洗浄,Phrase,シート洗浄,シート洗浄/シートクリーニング,seat-senjo|seat-washing|seat-cleaning,車内臭い,shanai-nioi,https://carinteriorcleaning.jp/regions/osaka/shanai-nioi/,https://carinteriorcleaning.jp/regions/osaka/seat-senjo/,Enabled,380
MEDIUM,キーワードテーマとFinal URLが不一致,大阪府＿車内クリーニング,消臭_中古車,消臭 中古車,Phrase,消臭脱臭,消臭脱臭/匂い消し/車内臭い,shanai-shoshu|kuruma-nioi-keshi|odor-removal|shanai-nioi,中古車タバコ,chuko-tabako,https://carinteriorcleaning.jp/regions/osaka/chuko-tabako/,https://carinteriorcleaning.jp/regions/osaka/shanai-shoshu/,Enabled,452
MEDIUM,キーワードテーマとFinal URLが不一致,沖縄県＿車内クリーニング,車　 エアコン臭い,車 エアコン カビ,Phrase,カビ/湿気,車内臭い/カビ臭/エバポ/エアコンカビ,shanai-nioi|mold-odor|evaporator-senjo|ac-mold,エアコン臭い,ac-nioi,https://carinteriorcleaning.jp/regions/okinawa/ac-nioi/,https://carinteriorcleaning.jp/regions/okinawa/shanai-nioi/,Enabled,596
MEDIUM,キーワードテーマとFinal URLが不一致,沖縄県＿車内クリーニング,int沖縄２515,嘔吐 臭い 消し 車,Phrase,嘔吐,嘔吐/ゲロ/子供嘔吐/保険嘔吐/バス専門,kyuto-cleaning|vomit-cleaning|gero-cleaning|kodomo-kyuto|hoken-kyuto|bus-senmon,通常清掃,interior-cleaning,https://carinteriorcleaning.jp/regions/okinawa/interior-cleaning/,https://carinteriorcleaning.jp/regions/okinawa/kyuto-cleaning/,Enabled,643
MEDIUM,キーワードテーマとFinal URLが不一致,沖縄県＿車内クリーニング,int沖縄２515,車 シート 洗浄,Phrase,シート洗浄,シート洗浄/シートクリーニング,seat-senjo|seat-washing|seat-cleaning,通常清掃,interior-cleaning,https://carinteriorcleaning.jp/regions/okinawa/interior-cleaning/,https://carinteriorcleaning.jp/regions/okinawa/seat-senjo/,Paused,645
MEDIUM,キーワードテーマとFinal URLが不一致,沖縄県＿車内クリーニング,int沖縄２515,車 の シート 犬 の うんち,Phrase,うんこ,うんこ/ペットうんち,unko|pet-unko|pet-waste,通常清掃,interior-cleaning,https://carinteriorcleaning.jp/regions/okinawa/interior-cleaning/,https://carinteriorcleaning.jp/regions/okinawa/unko/,Paused,646
MEDIUM,キーワードテーマとFinal URLが不一致,沖縄県＿車内クリーニング,int沖縄２515,シート 洗浄 業者 腐敗臭,Phrase,シート洗浄,シート洗浄/シートクリーニング,seat-senjo|seat-washing|seat-cleaning,通常清掃,interior-cleaning,https://carinteriorcleaning.jp/regions/okinawa/interior-cleaning/,https://carinteriorcleaning.jp/regions/okinawa/seat-senjo/,Paused,648
MEDIUM,キーワードテーマとFinal URLが不一致,沖縄県＿車内クリーニング,int沖縄２515,タント 車内 汗 臭い 消 臭,Phrase,汗,汗,ase,通常清掃,interior-cleaning,https://carinteriorcleaning.jp/regions/okinawa/interior-cleaning/,https://carinteriorcleaning.jp/regions/okinawa/ase/,Paused,651
MEDIUM,キーワードテーマとFinal URLが不一致,沖縄県＿車内クリーニング,int沖縄２515,車 の シート 洗浄,Phrase,シート洗浄,シート洗浄/シートクリーニング,seat-senjo|seat-washing|seat-cleaning,通常清掃,interior-cleaning,https://carinteriorcleaning.jp/regions/okinawa/interior-cleaning/,https://carinteriorcleaning.jp/regions/okinawa/seat-senjo/,Paused,655
MEDIUM,キーワードテーマとFinal URLが不一致,沖縄県＿車内クリーニング,int沖縄２515,車 灯油 こぼした 臭い 消す,Phrase,灯油,灯油,touyu-kobosi,通常清掃,interior-cleaning,https://carinteriorcleaning.jp/regions/okinawa/interior-cleaning/,https://carinteriorcleaning.jp/regions/okinawa/touyu-kobosi/,Paused,656
MEDIUM,キーワードテーマとFinal URLが不一致,沖縄県＿車内クリーニング,int沖縄２515,車 シート 清掃 料金,Phrase,シートクリーニング,シートクリーニング/シート洗浄,seat-cleaning|seat-senjo|seat-washing,通常清掃,interior-cleaning,https://carinteriorcleaning.jp/regions/okinawa/interior-cleaning/,https://carinteriorcleaning.jp/regions/okinawa/seat-cleaning/,Paused,659
MEDIUM,キーワードテーマとFinal URLが不一致,沖縄県＿車内クリーニング,int沖縄２515,車 の シート に 嘔吐,Phrase,嘔吐,嘔吐/ゲロ/子供嘔吐/保険嘔吐/バス専門,kyuto-cleaning|vomit-cleaning|gero-cleaning|kodomo-kyuto|hoken-kyuto|bus-senmon,通常清掃,interior-cleaning,https://carinteriorcleaning.jp/regions/okinawa/interior-cleaning/,https://carinteriorcleaning.jp/regions/okinawa/kyuto-cleaning/,Paused,661
MEDIUM,キーワードテーマとFinal URLが不一致,沖縄県＿車内クリーニング,int沖縄２515,シート クリーニング,Phrase,シートクリーニング,シートクリーニング/シート洗浄,seat-cleaning|seat-senjo|seat-washing,通常清掃,interior-cleaning,https://carinteriorcleaning.jp/regions/okinawa/interior-cleaning/,https://carinteriorcleaning.jp/regions/okinawa/seat-cleaning/,Paused,663
MEDIUM,キーワードテーマとFinal URLが不一致,沖縄県＿車内クリーニング,int沖縄２515,車 の シート 洗浄 沖縄,Phrase,シート洗浄,シート洗浄/シートクリーニング,seat-senjo|seat-washing|seat-cleaning,通常清掃,interior-cleaning,https://carinteriorcleaning.jp/regions/okinawa/interior-cleaning/,https://carinteriorcleaning.jp/regions/okinawa/seat-senjo/,Paused,669
MEDIUM,キーワードテーマとFinal URLが不一致,沖縄県＿車内クリーニング,int沖縄２515,車 シート 洗浄 業者,Phrase,シート洗浄,シート洗浄/シートクリーニング,seat-senjo|seat-washing|seat-cleaning,通常清掃,interior-cleaning,https://carinteriorcleaning.jp/regions/okinawa/interior-cleaning/,https://carinteriorcleaning.jp/regions/okinawa/seat-senjo/,Paused,671
MEDIUM,キーワードテーマとFinal URLが不一致,沖縄県＿車内クリーニング,int沖縄２515,ヴェルファイア 車内 シート 洗浄,Phrase,シート洗浄,シート洗浄/シートクリーニング,seat-senjo|seat-washing|seat-cleaning,通常清掃,interior-cleaning,https://carinteriorcleaning.jp/regions/okinawa/interior-cleaning/,https://carinteriorcleaning.jp/regions/okinawa/seat-senjo/,Paused,673
MEDIUM,キーワードテーマとFinal URLが不一致,沖縄県＿車内クリーニング,int沖縄２515,車 の シート 尿 臭,Phrase,おしっこ,おしっこ/ペット毛/おしっこ,oshikko|pet-hair-odor,通常清掃,interior-cleaning,https://carinteriorcleaning.jp/regions/okinawa/interior-cleaning/,https://carinteriorcleaning.jp/regions/okinawa/oshikko/,Paused,676
MEDIUM,キーワードテーマとFinal URLが不一致,沖縄県＿車内クリーニング,int沖縄２515,車 タバコ 消 臭,Phrase,タバコ,タバコヤニ/タバコ/中古車タバコ,tabako-yani|tobacco-odor|chuko-tabako,通常清掃,interior-cleaning,https://carinteriorcleaning.jp/regions/okinawa/interior-cleaning/,https://carinteriorcleaning.jp/regions/okinawa/tabako-yani/,Paused,681
MEDIUM,キーワードテーマとFinal URLが不一致,沖縄県＿車内クリーニング,int沖縄２515,シート の 匂い 取り,Phrase,匂い取り,匂い取り/匂い消し,kuruma-nioitori|kuruma-nioi-keshi|odor-removal,通常清掃,interior-cleaning,https://carinteriorcleaning.jp/regions/okinawa/interior-cleaning/,https://carinteriorcleaning.jp/regions/okinawa/kuruma-nioitori/,Paused,684
MEDIUM,キーワードテーマとFinal URLが不一致,沖縄県＿車内クリーニング,int沖縄２515,車 匂い 消し,Phrase,匂い消し,匂い消し/匂い取り/車内臭い/消臭脱臭,kuruma-nioi-keshi|odor-removal|kuruma-nioitori|shanai-nioi|shanai-shoshu,通常清掃,interior-cleaning,https://carinteriorcleaning.jp/regions/okinawa/interior-cleaning/,https://carinteriorcleaning.jp/regions/okinawa/kuruma-nioi-keshi/,Paused,691
MEDIUM,キーワードテーマとFinal URLが不一致,沖縄県＿車内クリーニング,int沖縄２515,キャラバン シート 洗浄 業者,Phrase,シート洗浄,シート洗浄/シートクリーニング,seat-senjo|seat-washing|seat-cleaning,通常清掃,interior-cleaning,https://carinteriorcleaning.jp/regions/okinawa/interior-cleaning/,https://carinteriorcleaning.jp/regions/okinawa/seat-senjo/,Paused,692
MEDIUM,キーワードテーマとFinal URLが不一致,沖縄県＿車内クリーニング,int沖縄２515,車 ゲロ 臭い 消し,Phrase,ゲロ,ゲロ/嘔吐,gero-cleaning|kyuto-cleaning|vomit-cleaning,通常清掃,interior-cleaning,https://carinteriorcleaning.jp/regions/okinawa/interior-cleaning/,https://carinteriorcleaning.jp/regions/okinawa/gero-cleaning/,Paused,693
MEDIUM,キーワードテーマとFinal URLが不一致,沖縄県＿車内クリーニング,int沖縄２515,車 の シート に ゲロ 掃除,Phrase,ゲロ,ゲロ/嘔吐,gero-cleaning|kyuto-cleaning|vomit-cleaning,通常清掃,interior-cleaning,https://carinteriorcleaning.jp/regions/okinawa/interior-cleaning/,https://carinteriorcleaning.jp/regions/okinawa/gero-cleaning/,Paused,694
MEDIUM,キーワードテーマとFinal URLが不一致,沖縄県＿車内クリーニング,int沖縄２515,車 シート クリーニング 業者,Phrase,シートクリーニング,シートクリーニング/シート洗浄,seat-cleaning|seat-senjo|seat-washing,通常清掃,interior-cleaning,https://carinteriorcleaning.jp/regions/okinawa/interior-cleaning/,https://carinteriorcleaning.jp/regions/okinawa/seat-cleaning/,Paused,699
MEDIUM,キーワードテーマとFinal URLが不一致,沖縄県＿車内クリーニング,int沖縄２515,シート クリーニング 車,Phrase,シートクリーニング,シートクリーニング/シート洗浄,seat-cleaning|seat-senjo|seat-washing,通常清掃,interior-cleaning,https://carinteriorcleaning.jp/regions/okinawa/interior-cleaning/,https://carinteriorcleaning.jp/regions/okinawa/seat-cleaning/,Paused,706
MEDIUM,キーワードテーマとFinal URLが不一致,沖縄県＿車内クリーニング,int沖縄２515,軽トラ シート の 匂い 取り,Phrase,匂い取り,匂い取り/匂い消し,kuruma-nioitori|kuruma-nioi-keshi|odor-removal,通常清掃,interior-cleaning,https://carinteriorcleaning.jp/regions/okinawa/interior-cleaning/,https://carinteriorcleaning.jp/regions/okinawa/kuruma-nioitori/,Paused,716
MEDIUM,キーワードテーマとFinal URLが不一致,沖縄県＿車内クリーニング,int沖縄２515,車内 ゲロ 掃除,Phrase,ゲロ,ゲロ/嘔吐,gero-cleaning|kyuto-cleaning|vomit-cleaning,通常清掃,interior-cleaning,https://carinteriorcleaning.jp/regions/okinawa/interior-cleaning/,https://carinteriorcleaning.jp/regions/okinawa/gero-cleaning/,Paused,718
MEDIUM,キーワードテーマとFinal URLが不一致,沖縄県＿車内クリーニング,int沖縄２515,車 の 中 嘔吐 掃除,Phrase,嘔吐,嘔吐/ゲロ/子供嘔吐/保険嘔吐/バス専門,kyuto-cleaning|vomit-cleaning|gero-cleaning|kodomo-kyuto|hoken-kyuto|bus-senmon,通常清掃,interior-cleaning,https://carinteriorcleaning.jp/regions/okinawa/interior-cleaning/,https://carinteriorcleaning.jp/regions/okinawa/kyuto-cleaning/,Paused,719
MEDIUM,キーワードテーマとFinal URLが不一致,沖縄県＿車内クリーニング,int沖縄２515,ルーミー シート 洗浄 業者,Phrase,シート洗浄,シート洗浄/シートクリーニング,seat-senjo|seat-washing|seat-cleaning,通常清掃,interior-cleaning,https://carinteriorcleaning.jp/regions/okinawa/interior-cleaning/,https://carinteriorcleaning.jp/regions/okinawa/seat-senjo/,Paused,721
MEDIUM,キーワードテーマとFinal URLが不一致,沖縄県＿車内クリーニング,int沖縄２515,車 シート 洗浄 沖縄,Phrase,シート洗浄,シート洗浄/シートクリーニング,seat-senjo|seat-washing|seat-cleaning,通常清掃,interior-cleaning,https://carinteriorcleaning.jp/regions/okinawa/interior-cleaning/,https://carinteriorcleaning.jp/regions/okinawa/seat-senjo/,Paused,724
MEDIUM,キーワードテーマとFinal URLが不一致,沖縄県＿車内クリーニング,int沖縄２515,シート ベルト 嘔吐 臭い,Phrase,嘔吐,嘔吐/ゲロ/子供嘔吐/保険嘔吐/バス専門,kyuto-cleaning|vomit-cleaning|gero-cleaning|kodomo-kyuto|hoken-kyuto|bus-senmon,通常清掃,interior-cleaning,https://carinteriorcleaning.jp/regions/okinawa/interior-cleaning/,https://carinteriorcleaning.jp/regions/okinawa/kyuto-cleaning/,Paused,726
MEDIUM,キーワードテーマとFinal URLが不一致,沖縄県＿車内クリーニング,int沖縄２515,エルグランド シート 洗浄 業者,Phrase,シート洗浄,シート洗浄/シートクリーニング,seat-senjo|seat-washing|seat-cleaning,通常清掃,interior-cleaning,https://carinteriorcleaning.jp/regions/okinawa/interior-cleaning/,https://carinteriorcleaning.jp/regions/okinawa/seat-senjo/,Paused,728
MEDIUM,キーワードテーマとFinal URLが不一致,沖縄県＿車内クリーニング,int沖縄２515,車内 嘔吐 清掃,Phrase,嘔吐,嘔吐/ゲロ/子供嘔吐/保険嘔吐/バス専門,kyuto-cleaning|vomit-cleaning|gero-cleaning|kodomo-kyuto|hoken-kyuto|bus-senmon,通常清掃,interior-cleaning,https://carinteriorcleaning.jp/regions/okinawa/interior-cleaning/,https://carinteriorcleaning.jp/regions/okinawa/kyuto-cleaning/,Paused,731
MEDIUM,キーワードテーマとFinal URLが不一致,沖縄県＿車内クリーニング,int沖縄２515,車内 汗 臭い 消 臭,Phrase,汗,汗,ase,通常清掃,interior-cleaning,https://carinteriorcleaning.jp/regions/okinawa/interior-cleaning/,https://carinteriorcleaning.jp/regions/okinawa/ase/,Paused,733
MEDIUM,キーワードテーマとFinal URLが不一致,沖縄県＿車内クリーニング,int沖縄２515,ベンツ 車内 汗 臭い 消 臭,Phrase,汗,汗,ase,通常清掃,interior-cleaning,https://carinteriorcleaning.jp/regions/okinawa/interior-cleaning/,https://carinteriorcleaning.jp/regions/okinawa/ase/,Paused,735
MEDIUM,キーワードテーマとFinal URLが不一致,沖縄県＿車内クリーニング,int沖縄２515,車 ゲロ クリーニング,Phrase,ゲロ,ゲロ/嘔吐,gero-cleaning|kyuto-cleaning|vomit-cleaning,通常清掃,interior-cleaning,https://carinteriorcleaning.jp/regions/okinawa/interior-cleaning/,https://carinteriorcleaning.jp/regions/okinawa/gero-cleaning/,Paused,738
MEDIUM,キーワードテーマとFinal URLが不一致,沖縄県＿車内クリーニング,int沖縄２515,車 ヤニ 臭い 取り,Phrase,タバコ,タバコヤニ/タバコ/中古車タバコ,tabako-yani|tobacco-odor|chuko-tabako,通常清掃,interior-cleaning,https://carinteriorcleaning.jp/regions/okinawa/interior-cleaning/,https://carinteriorcleaning.jp/regions/okinawa/tabako-yani/,Paused,739
MEDIUM,キーワードテーマとFinal URLが不一致,沖縄県＿車内クリーニング,int沖縄２515,カー エアコン 臭い 消し,Phrase,エアコン臭い,エアコン臭い/エバポ/エアコンカビ/エアコンクリーニング,ac-nioi|ac-kusai|evaporator-senjo|ac-mold|car-ac-cleaning,通常清掃,interior-cleaning,https://carinteriorcleaning.jp/regions/okinawa/interior-cleaning/,https://carinteriorcleaning.jp/regions/okinawa/ac-nioi/,Paused,740
MEDIUM,キーワードテーマとFinal URLが不一致,沖縄県＿車内クリーニング,int沖縄２515,車 の シート クリーニング,Phrase,シートクリーニング,シートクリーニング/シート洗浄,seat-cleaning|seat-senjo|seat-washing,通常清掃,interior-cleaning,https://carinteriorcleaning.jp/regions/okinawa/interior-cleaning/,https://carinteriorcleaning.jp/regions/okinawa/seat-cleaning/,Paused,743
MEDIUM,キーワードテーマとFinal URLが不一致,沖縄県＿車内クリーニング,int沖縄２515,車 の 匂い 取り,Phrase,匂い取り,匂い取り/匂い消し,kuruma-nioitori|kuruma-nioi-keshi|odor-removal,通常清掃,interior-cleaning,https://carinteriorcleaning.jp/regions/okinawa/interior-cleaning/,https://carinteriorcleaning.jp/regions/okinawa/kuruma-nioitori/,Paused,744
MEDIUM,キーワードテーマとFinal URLが不一致,沖縄県＿車内クリーニング,int沖縄２515,ハイエース 車内 汗 臭い 消 臭,Phrase,汗,汗,ase,通常清掃,interior-cleaning,https://carinteriorcleaning.jp/regions/okinawa/interior-cleaning/,https://carinteriorcleaning.jp/regions/okinawa/ase/,Paused,748
MEDIUM,キーワードテーマとFinal URLが不一致,沖縄県＿車内クリーニング,AG_緊急_ペット,ペット 粗相 車 消臭,Phrase,ペットうんち,ペットうんち,pet-unko|pet-waste,おしっこ,oshikko,https://carinteriorcleaning.jp/regions/okinawa/oshikko/,https://carinteriorcleaning.jp/regions/okinawa/pet-unko/,Enabled,847
MEDIUM,キーワードテーマとFinal URLが不一致,沖縄県＿車内クリーニング,AG_消臭_湿気カビ,車 湿気 臭い シート 洗浄,Phrase,シート洗浄,シート洗浄/シートクリーニング,seat-senjo|seat-washing|seat-cleaning,車内臭い,shanai-nioi,https://carinteriorcleaning.jp/regions/okinawa/shanai-nioi/,https://carinteriorcleaning.jp/regions/okinawa/seat-senjo/,Enabled,872
MEDIUM,キーワードテーマとFinal URLが不一致,沖縄県＿車内クリーニング,AG_消臭_湿気カビ,沖縄 レンタカー 嘔吐 清掃,Phrase,保険嘔吐,保険嘔吐/嘔吐,hoken-kyuto|kyuto-cleaning|vomit-cleaning,車内臭い,shanai-nioi,https://carinteriorcleaning.jp/regions/okinawa/shanai-nioi/,https://carinteriorcleaning.jp/regions/okinawa/hoken-kyuto/,Enabled,879
MEDIUM,キーワードテーマとFinal URLが不一致,沖縄県＿車内クリーニング,消臭_中古車,消臭 中古車,Phrase,消臭脱臭,消臭脱臭/匂い消し/車内臭い,shanai-shoshu|kuruma-nioi-keshi|odor-removal|shanai-nioi,中古車タバコ,chuko-tabako,https://carinteriorcleaning.jp/regions/okinawa/chuko-tabako/,https://carinteriorcleaning.jp/regions/okinawa/shanai-shoshu/,Enabled,938
MEDIUM,キーワードテーマとFinal URLが不一致,宮城県＿車内クリーニング,車内 消臭・脱臭洗浄,車 シート 嘔吐 臭い,Phrase,嘔吐,嘔吐/ゲロ/子供嘔吐/保険嘔吐/バス専門,kyuto-cleaning|vomit-cleaning|gero-cleaning|kodomo-kyuto|hoken-kyuto|bus-senmon,消臭脱臭,shanai-shoshu,https://carinteriorcleaning.jp/regions/miyagi/shanai-shoshu/,https://carinteriorcleaning.jp/regions/miyagi/kyuto-cleaning/,Enabled,1208
MEDIUM,キーワードテーマとFinal URLが不一致,宮城県＿車内クリーニング,AG_緊急_ペット,ペット 粗相 車 消臭,Phrase,ペットうんち,ペットうんち,pet-unko|pet-waste,おしっこ,oshikko,https://carinteriorcleaning.jp/regions/miyagi/oshikko/,https://carinteriorcleaning.jp/regions/miyagi/pet-unko/,Enabled,1403
MEDIUM,キーワードテーマとFinal URLが不一致,宮城県＿車内クリーニング,AG_消臭_湿気カビ,車 湿気 臭い シート 洗浄,Phrase,シート洗浄,シート洗浄/シートクリーニング,seat-senjo|seat-washing|seat-cleaning,車内臭い,shanai-nioi,https://carinteriorcleaning.jp/regions/miyagi/shanai-nioi/,https://carinteriorcleaning.jp/regions/miyagi/seat-senjo/,Enabled,1429
MEDIUM,キーワードテーマとFinal URLが不一致,宮城県＿車内クリーニング,消臭_中古車,消臭 中古車,Phrase,消臭脱臭,消臭脱臭/匂い消し/車内臭い,shanai-shoshu|kuruma-nioi-keshi|odor-removal|shanai-nioi,中古車タバコ,chuko-tabako,https://carinteriorcleaning.jp/regions/miyagi/chuko-tabako/,https://carinteriorcleaning.jp/regions/miyagi/shanai-shoshu/,Enabled,1499
MEDIUM,キーワードテーマとFinal URLが不一致,愛知県＿車内クリーニング,車内 消臭・脱臭洗浄,車 シート 嘔吐 臭い,Phrase,嘔吐,嘔吐/ゲロ/子供嘔吐/保険嘔吐/バス専門,kyuto-cleaning|vomit-cleaning|gero-cleaning|kodomo-kyuto|hoken-kyuto|bus-senmon,消臭脱臭,shanai-shoshu,https://carinteriorcleaning.jp/regions/aichi/shanai-shoshu/,https://carinteriorcleaning.jp/regions/aichi/kyuto-cleaning/,Enabled,1786
MEDIUM,キーワードテーマとFinal URLが不一致,愛知県＿車内クリーニング,AG_緊急_ペット,ペット 粗相 車 消臭,Phrase,ペットうんち,ペットうんち,pet-unko|pet-waste,おしっこ,oshikko,https://carinteriorcleaning.jp/regions/aichi/oshikko/,https://carinteriorcleaning.jp/regions/aichi/pet-unko/,Enabled,1999
MEDIUM,キーワードテーマとFinal URLが不一致,愛知県＿車内クリーニング,AG_消臭_湿気カビ,車 湿気 臭い シート 洗浄,Phrase,シート洗浄,シート洗浄/シートクリーニング,seat-senjo|seat-washing|seat-cleaning,車内臭い,shanai-nioi,https://carinteriorcleaning.jp/regions/aichi/shanai-nioi/,https://carinteriorcleaning.jp/regions/aichi/seat-senjo/,Enabled,2029
MEDIUM,キーワードテーマとFinal URLが不一致,愛知県＿車内クリーニング,消臭_中古車,消臭 中古車,Phrase,消臭脱臭,消臭脱臭/匂い消し/車内臭い,shanai-shoshu|kuruma-nioi-keshi|odor-removal|shanai-nioi,中古車タバコ,chuko-tabako,https://carinteriorcleaning.jp/regions/aichi/chuko-tabako/,https://carinteriorcleaning.jp/regions/aichi/shanai-shoshu/,Enabled,2101
MEDIUM,キーワードテーマとFinal URLが不一致,千葉県＿車内クリーニング,車内 消臭・脱臭洗浄,車 シート 嘔吐 臭い,Phrase,嘔吐,嘔吐/ゲロ/子供嘔吐/保険嘔吐/バス専門,kyuto-cleaning|vomit-cleaning|gero-cleaning|kodomo-kyuto|hoken-kyuto|bus-senmon,消臭脱臭,shanai-shoshu,https://carinteriorcleaning.jp/regions/chiba/shanai-shoshu/,https://carinteriorcleaning.jp/regions/chiba/kyuto-cleaning/,Enabled,2400
MEDIUM,キーワードテーマとFinal URLが不一致,千葉県＿車内クリーニング,AG_緊急_ペット,ペット 粗相 車 消臭,Phrase,ペットうんち,ペットうんち,pet-unko|pet-waste,おしっこ,oshikko,https://carinteriorcleaning.jp/regions/chiba/oshikko/,https://carinteriorcleaning.jp/regions/chiba/pet-unko/,Enabled,2603
MEDIUM,キーワードテーマとFinal URLが不一致,千葉県＿車内クリーニング,AG_消臭_湿気カビ,車 湿気 臭い シート 洗浄,Phrase,シート洗浄,シート洗浄/シートクリーニング,seat-senjo|seat-washing|seat-cleaning,車内臭い,shanai-nioi,https://carinteriorcleaning.jp/regions/chiba/shanai-nioi/,https://carinteriorcleaning.jp/regions/chiba/seat-senjo/,Enabled,2632
MEDIUM,キーワードテーマとFinal URLが不一致,千葉県＿車内クリーニング,消臭_中古車,消臭 中古車,Phrase,消臭脱臭,消臭脱臭/匂い消し/車内臭い,shanai-shoshu|kuruma-nioi-keshi|odor-removal|shanai-nioi,中古車タバコ,chuko-tabako,https://carinteriorcleaning.jp/regions/chiba/chuko-tabako/,https://carinteriorcleaning.jp/regions/chiba/shanai-shoshu/,Enabled,2707
MEDIUM,キーワードテーマとFinal URLが不一致,兵庫県＿車内クリーニング,車内 消臭・脱臭洗浄,車 シート 嘔吐 臭い,Phrase,嘔吐,嘔吐/ゲロ/子供嘔吐/保険嘔吐/バス専門,kyuto-cleaning|vomit-cleaning|gero-cleaning|kodomo-kyuto|hoken-kyuto|bus-senmon,消臭脱臭,shanai-shoshu,https://carinteriorcleaning.jp/regions/hyogo/shanai-shoshu/,https://carinteriorcleaning.jp/regions/hyogo/kyuto-cleaning/,Enabled,2995
MEDIUM,キーワードテーマとFinal URLが不一致,兵庫県＿車内クリーニング,AG_緊急_ペット,ペット 粗相 車 消臭,Phrase,ペットうんち,ペットうんち,pet-unko|pet-waste,おしっこ,oshikko,https://carinteriorcleaning.jp/regions/hyogo/oshikko/,https://carinteriorcleaning.jp/regions/hyogo/pet-unko/,Enabled,3201
MEDIUM,キーワードテーマとFinal URLが不一致,兵庫県＿車内クリーニング,AG_消臭_湿気カビ,車 湿気 臭い シート 洗浄,Phrase,シート洗浄,シート洗浄/シートクリーニング,seat-senjo|seat-washing|seat-cleaning,車内臭い,shanai-nioi,https://carinteriorcleaning.jp/regions/hyogo/shanai-nioi/,https://carinteriorcleaning.jp/regions/hyogo/seat-senjo/,Enabled,3232
MEDIUM,キーワードテーマとFinal URLが不一致,兵庫県＿車内クリーニング,消臭_中古車,消臭 中古車,Phrase,消臭脱臭,消臭脱臭/匂い消し/車内臭い,shanai-shoshu|kuruma-nioi-keshi|odor-removal|shanai-nioi,中古車タバコ,chuko-tabako,https://carinteriorcleaning.jp/regions/hyogo/chuko-tabako/,https://carinteriorcleaning.jp/regions/hyogo/shanai-shoshu/,Enabled,3304
MEDIUM,キーワードテーマとFinal URLが不一致,福岡県＿車内クリーニング,車内 消臭・脱臭洗浄,車 シート 嘔吐 臭い,Phrase,嘔吐,嘔吐/ゲロ/子供嘔吐/保険嘔吐/バス専門,kyuto-cleaning|vomit-cleaning|gero-cleaning|kodomo-kyuto|hoken-kyuto|bus-senmon,消臭脱臭,shanai-shoshu,https://carinteriorcleaning.jp/regions/fukuoka/shanai-shoshu/,https://carinteriorcleaning.jp/regions/fukuoka/kyuto-cleaning/,Enabled,3597
MEDIUM,キーワードテーマとFinal URLが不一致,福岡県＿車内クリーニング,AG_緊急_ペット,ペット 粗相 車 消臭,Phrase,ペットうんち,ペットうんち,pet-unko|pet-waste,おしっこ,oshikko,https://carinteriorcleaning.jp/regions/fukuoka/oshikko/,https://carinteriorcleaning.jp/regions/fukuoka/pet-unko/,Enabled,3802
MEDIUM,キーワードテーマとFinal URLが不一致,福岡県＿車内クリーニング,AG_消臭_湿気カビ,車 湿気 臭い シート 洗浄,Phrase,シート洗浄,シート洗浄/シートクリーニング,seat-senjo|seat-washing|seat-cleaning,車内臭い,shanai-nioi,https://carinteriorcleaning.jp/regions/fukuoka/shanai-nioi/,https://carinteriorcleaning.jp/regions/fukuoka/seat-senjo/,Enabled,3828
MEDIUM,キーワードテーマとFinal URLが不一致,福岡県＿車内クリーニング,消臭_中古車,消臭 中古車,Phrase,消臭脱臭,消臭脱臭/匂い消し/車内臭い,shanai-shoshu|kuruma-nioi-keshi|odor-removal|shanai-nioi,中古車タバコ,chuko-tabako,https://carinteriorcleaning.jp/regions/fukuoka/chuko-tabako/,https://carinteriorcleaning.jp/regions/fukuoka/shanai-shoshu/,Enabled,3900
MEDIUM,キーワードテーマとFinal URLが不一致,群馬県＿車内クリーニング,車内 消臭・脱臭洗浄,車 シート 嘔吐 臭い,Phrase,嘔吐,嘔吐/ゲロ/子供嘔吐/保険嘔吐/バス専門,kyuto-cleaning|vomit-cleaning|gero-cleaning|kodomo-kyuto|hoken-kyuto|bus-senmon,消臭脱臭,shanai-shoshu,https://carinteriorcleaning.jp/regions/gunma/shanai-shoshu/,https://carinteriorcleaning.jp/regions/gunma/kyuto-cleaning/,Enabled,4191
MEDIUM,キーワードテーマとFinal URLが不一致,群馬県＿車内クリーニング,AG_緊急_ペット,ペット 粗相 車 消臭,Phrase,ペットうんち,ペットうんち,pet-unko|pet-waste,おしっこ,oshikko,https://carinteriorcleaning.jp/regions/gunma/oshikko/,https://carinteriorcleaning.jp/regions/gunma/pet-unko/,Enabled,4401
MEDIUM,キーワードテーマとFinal URLが不一致,群馬県＿車内クリーニング,AG_消臭_湿気カビ,車 湿気 臭い シート 洗浄,Phrase,シート洗浄,シート洗浄/シートクリーニング,seat-senjo|seat-washing|seat-cleaning,車内臭い,shanai-nioi,https://carinteriorcleaning.jp/regions/gunma/shanai-nioi/,https://carinteriorcleaning.jp/regions/gunma/seat-senjo/,Enabled,4430
MEDIUM,キーワードテーマとFinal URLが不一致,群馬県＿車内クリーニング,消臭_中古車,消臭 中古車,Phrase,消臭脱臭,消臭脱臭/匂い消し/車内臭い,shanai-shoshu|kuruma-nioi-keshi|odor-removal|shanai-nioi,中古車タバコ,chuko-tabako,https://carinteriorcleaning.jp/regions/gunma/chuko-tabako/,https://carinteriorcleaning.jp/regions/gunma/shanai-shoshu/,Enabled,4509
MEDIUM,キーワードテーマとFinal URLが不一致,栃木県＿車内クリーニング,車内 消臭・脱臭洗浄,車 シート 嘔吐 臭い,Phrase,嘔吐,嘔吐/ゲロ/子供嘔吐/保険嘔吐/バス専門,kyuto-cleaning|vomit-cleaning|gero-cleaning|kodomo-kyuto|hoken-kyuto|bus-senmon,消臭脱臭,shanai-shoshu,https://carinteriorcleaning.jp/regions/tochigi/shanai-shoshu/,https://carinteriorcleaning.jp/regions/tochigi/kyuto-cleaning/,Enabled,4807
MEDIUM,キーワードテーマとFinal URLが不一致,栃木県＿車内クリーニング,AG_緊急_ペット,ペット 粗相 車 消臭,Phrase,ペットうんち,ペットうんち,pet-unko|pet-waste,おしっこ,oshikko,https://carinteriorcleaning.jp/regions/tochigi/oshikko/,https://carinteriorcleaning.jp/regions/tochigi/pet-unko/,Enabled,5001
MEDIUM,キーワードテーマとFinal URLが不一致,栃木県＿車内クリーニング,AG_消臭_湿気カビ,車 湿気 臭い シート 洗浄,Phrase,シート洗浄,シート洗浄/シートクリーニング,seat-senjo|seat-washing|seat-cleaning,車内臭い,shanai-nioi,https://carinteriorcleaning.jp/regions/tochigi/shanai-nioi/,https://carinteriorcleaning.jp/regions/tochigi/seat-senjo/,Enabled,5027
MEDIUM,キーワードテーマとFinal URLが不一致,栃木県＿車内クリーニング,消臭_中古車,消臭 中古車,Phrase,消臭脱臭,消臭脱臭/匂い消し/車内臭い,shanai-shoshu|kuruma-nioi-keshi|odor-removal|shanai-nioi,中古車タバコ,chuko-tabako,https://carinteriorcleaning.jp/regions/tochigi/chuko-tabako/,https://carinteriorcleaning.jp/regions/tochigi/shanai-shoshu/,Enabled,5099
