campaign,ad_group,path2,slug,final_url
大阪府＿車内クリーニング,AG_バス_トラック,バス嘔吐清掃,bus-senmon,https://carinteriorcleaning.jp/regions/osaka/bus-senmon/
沖縄県＿車内クリーニング,車　 タバコの匂い汚れ・タバコのヤニ,嘔吐ニオイ清掃,tabako-yani,https://carinteriorcleaning.jp/regions/okinawa/tabako-yani/
沖縄県＿車内クリーニング,車内の臭い,嘔吐ニオイ清掃,shanai-nioi,https://carinteriorcleaning.jp/regions/okinawa/shanai-nioi/
沖縄県＿車内クリーニング,車　 エアコン臭い,嘔吐ニオイ清掃,ac-nioi,https://carinteriorcleaning.jp/regions/okinawa/ac-nioi/
沖縄県＿車内クリーニング,車　 ペット臭,嘔吐ニオイ清掃,pet-nioi,https://carinteriorcleaning.jp/regions/okinawa/pet-nioi/
沖縄県＿車内クリーニング,車ペット毛,嘔吐ニオイ清掃,pet-ke,https://carinteriorcleaning.jp/regions/okinawa/pet-ke/
沖縄県＿車内クリーニング,車　 汗,嘔吐ニオイ清掃,ase,https://carinteriorcleaning.jp/regions/okinawa/ase/
沖縄県＿車内クリーニング,int沖縄２515,嘔吐ニオイ清掃,interior-cleaning,https://carinteriorcleaning.jp/regions/okinawa/interior-cleaning/
沖縄県＿車内クリーニング,車シート 洗浄,嘔吐ニオイ清掃,seat-senjo,https://carinteriorcleaning.jp/regions/okinawa/seat-senjo/
沖縄県＿車内クリーニング,中古車加齢臭,嘔吐ニオイ清掃,chuko-kareisyu,https://carinteriorcleaning.jp/regions/okinawa/chuko-kareisyu/
沖縄県＿車内クリーニング,車シート クリーニング,嘔吐ニオイ清掃,seat-cleaning,https://carinteriorcleaning.jp/regions/okinawa/seat-cleaning/
沖縄県＿車内クリーニング,車　 おもらし,嘔吐ニオイ清掃,omorashi,https://carinteriorcleaning.jp/regions/okinawa/omorashi/
沖縄県＿車内クリーニング,車　 うんこ,嘔吐ニオイ清掃,unko,https://carinteriorcleaning.jp/regions/okinawa/unko/
沖縄県＿車内クリーニング,車　 おしっこ,嘔吐ニオイ清掃,oshikko,https://carinteriorcleaning.jp/regions/okinawa/oshikko/
沖縄県＿車内クリーニング,車　加齢臭,嘔吐ニオイ清掃,kareisyu,https://carinteriorcleaning.jp/regions/okinawa/kareisyu/
沖縄県＿車内クリーニング,中古車タバコ臭,嘔吐ニオイ清掃,chuko-tabako,https://carinteriorcleaning.jp/regions/okinawa/chuko-tabako/
沖縄県＿車内クリーニング,車 匂い 消し・消臭洗浄,嘔吐ニオイ清掃,kuruma-nioi-keshi,https://carinteriorcleaning.jp/regions/okinawa/kuruma-nioi-keshi/
沖縄県＿車内クリーニング,AG_緊急_ペット,嘔吐ニオイ清掃,oshikko,https://carinteriorcleaning.jp/regions/okinawa/oshikko/
沖縄県＿車内クリーニング,AG_緊急_ペット,嘔吐ニオイ清掃,oshikko,https://carinteriorcleaning.jp/regions/okinawa/oshikko/
沖縄県＿車内クリーニング,AG_緊急_ペット,嘔吐ニオイ清掃,oshikko,https://carinteriorcleaning.jp/regions/okinawa/oshikko/
沖縄県＿車内クリーニング,AG_消臭_口語,嘔吐ニオイ清掃,kuruma-nioi-keshi,https://carinteriorcleaning.jp/regions/okinawa/kuruma-nioi-keshi/
沖縄県＿車内クリーニング,AG_消臭_口語,嘔吐ニオイ清掃,kuruma-nioi-keshi,https://carinteriorcleaning.jp/regions/okinawa/kuruma-nioi-keshi/
沖縄県＿車内クリーニング,AG_消臭_口語,嘔吐ニオイ清掃,kuruma-nioi-keshi,https://carinteriorcleaning.jp/regions/okinawa/kuruma-nioi-keshi/
沖縄県＿車内クリーニング,AG_消臭_中古車,嘔吐ニオイ清掃,chuko-tabako,https://carinteriorcleaning.jp/regions/okinawa/chuko-tabako/
沖縄県＿車内クリーニング,AG_消臭_中古車,嘔吐ニオイ清掃,chuko-tabako,https://carinteriorcleaning.jp/regions/okinawa/chuko-tabako/
沖縄県＿車内クリーニング,AG_消臭_湿気カビ,嘔吐ニオイ清掃,shanai-nioi,https://carinteriorcleaning.jp/regions/okinawa/shanai-nioi/
沖縄県＿車内クリーニング,AG_消臭_湿気カビ,嘔吐ニオイ清掃,shanai-nioi,https://carinteriorcleaning.jp/regions/okinawa/shanai-nioi/
沖縄県＿車内クリーニング,AG_消臭_湿気カビ,嘔吐ニオイ清掃,shanai-nioi,https://carinteriorcleaning.jp/regions/okinawa/shanai-nioi/
沖縄県＿車内クリーニング,AG_エアコン_エバポレーター,嘔吐ニオイ清掃,evaporator-senjo,https://carinteriorcleaning.jp/regions/okinawa/evaporator-senjo/
沖縄県＿車内クリーニング,AG_エアコン_エバポレーター,嘔吐ニオイ清掃,evaporator-senjo,https://carinteriorcleaning.jp/regions/okinawa/evaporator-senjo/
沖縄県＿車内クリーニング,AG_エアコン_エバポレーター,嘔吐ニオイ清掃,evaporator-senjo,https://carinteriorcleaning.jp/regions/okinawa/evaporator-senjo/
沖縄県＿車内クリーニング,AG_条件_出張,嘔吐ニオイ清掃,shutchou-senmon,https://carinteriorcleaning.jp/regions/okinawa/shutchou-senmon/
沖縄県＿車内クリーニング,AG_条件_出張,嘔吐ニオイ清掃,shutchou-senmon,https://carinteriorcleaning.jp/regions/okinawa/shutchou-senmon/
沖縄県＿車内クリーニング,AG_条件_出張,嘔吐ニオイ清掃,shutchou-senmon,https://carinteriorcleaning.jp/regions/okinawa/shutchou-senmon/
沖縄県＿車内クリーニング,AG_バス_トラック,嘔吐ニオイ清掃,bus-senmon,https://carinteriorcleaning.jp/regions/okinawa/bus-senmon/
沖縄県＿車内クリーニング,緊急_ペット,嘔吐ニオイ清掃,oshikko,https://carinteriorcleaning.jp/regions/okinawa/oshikko/
沖縄県＿車内クリーニング,緊急_ペット,嘔吐ニオイ清掃,oshikko,https://carinteriorcleaning.jp/regions/okinawa/oshikko/
沖縄県＿車内クリーニング,消臭_口語,嘔吐ニオイ清掃,kuruma-nioi-keshi,https://carinteriorcleaning.jp/regions/okinawa/kuruma-nioi-keshi/
沖縄県＿車内クリーニング,消臭_口語,嘔吐ニオイ清掃,kuruma-nioi-keshi,https://carinteriorcleaning.jp/regions/okinawa/kuruma-nioi-keshi/
沖縄県＿車内クリーニング,消臭_口語,嘔吐ニオイ清掃,kuruma-nioi-keshi,https://carinteriorcleaning.jp/regions/okinawa/kuruma-nioi-keshi/
沖縄県＿車内クリーニング,消臭_中古車,嘔吐ニオイ清掃,chuko-tabako,https://carinteriorcleaning.jp/regions/okinawa/chuko-tabako/
沖縄県＿車内クリーニング,消臭_中古車,嘔吐ニオイ清掃,chuko-tabako,https://carinteriorcleaning.jp/regions/okinawa/chuko-tabako/
沖縄県＿車内クリーニング,消臭_湿気カビ,嘔吐ニオイ清掃,shanai-nioi,https://carinteriorcleaning.jp/regions/okinawa/shanai-nioi/
沖縄県＿車内クリーニング,消臭_湿気カビ,嘔吐ニオイ清掃,shanai-nioi,https://carinteriorcleaning.jp/regions/okinawa/shanai-nioi/
沖縄県＿車内クリーニング,消臭_湿気カビ,嘔吐ニオイ清掃,shanai-nioi,https://carinteriorcleaning.jp/regions/okinawa/shanai-nioi/
沖縄県＿車内クリーニング,エアコン_エバポレーター,嘔吐ニオイ清掃,evaporator-senjo,https://carinteriorcleaning.jp/regions/okinawa/evaporator-senjo/
沖縄県＿車内クリーニング,エアコン_エバポレーター,嘔吐ニオイ清掃,evaporator-senjo,https://carinteriorcleaning.jp/regions/okinawa/evaporator-senjo/
沖縄県＿車内クリーニング,エアコン_エバポレーター,嘔吐ニオイ清掃,evaporator-senjo,https://carinteriorcleaning.jp/regions/okinawa/evaporator-senjo/
沖縄県＿車内クリーニング,AG_エアコン_エバポ,嘔吐ニオイ清掃,evaporator-senjo,https://carinteriorcleaning.jp/regions/okinawa/evaporator-senjo/
沖縄県＿車内クリーニング,AG_エアコン_エバポ,嘔吐ニオイ清掃,evaporator-senjo,https://carinteriorcleaning.jp/regions/okinawa/evaporator-senjo/
沖縄県＿車内クリーニング,条件_出張,嘔吐ニオイ清掃,shutchou-senmon,https://carinteriorcleaning.jp/regions/okinawa/shutchou-senmon/
沖縄県＿車内クリーニング,条件_出張,嘔吐ニオイ清掃,shutchou-senmon,https://carinteriorcleaning.jp/regions/okinawa/shutchou-senmon/
沖縄県＿車内クリーニング,条件_出張,嘔吐ニオイ清掃,shutchou-senmon,https://carinteriorcleaning.jp/regions/okinawa/shutchou-senmon/
宮城県＿車内クリーニング,int宮城_通常清掃,嘔吐ニオイ清掃,miyagi,https://carinteriorcleaning.jp/regions/miyagi/
宮城県＿車内クリーニング,車内の臭い,嘔吐ニオイ清掃,shanai-nioi,https://carinteriorcleaning.jp/regions/miyagi/shanai-nioi/
宮城県＿車内クリーニング,車　 汗,嘔吐ニオイ清掃,ase,https://carinteriorcleaning.jp/regions/miyagi/ase/
宮城県＿車内クリーニング,中古車タバコ臭,嘔吐ニオイ清掃,chuko-tabako,https://carinteriorcleaning.jp/regions/miyagi/chuko-tabako/
宮城県＿車内クリーニング,中古車加齢臭,嘔吐ニオイ清掃,chuko-kareisyu,https://carinteriorcleaning.jp/regions/miyagi/chuko-kareisyu/
宮城県＿車内クリーニング,車ペット毛,嘔吐ニオイ清掃,pet-ke,https://carinteriorcleaning.jp/regions/miyagi/pet-ke/
宮城県＿車内クリーニング,車 匂い 消し・消臭洗浄,嘔吐ニオイ清掃,kuruma-nioi-keshi,https://carinteriorcleaning.jp/regions/miyagi/kuruma-nioi-keshi/
宮城県＿車内クリーニング,車　 おもらし,嘔吐ニオイ清掃,omorashi,https://carinteriorcleaning.jp/regions/miyagi/omorashi/
宮城県＿車内クリーニング,車　 エアコン臭い,嘔吐ニオイ清掃,ac-nioi,https://carinteriorcleaning.jp/regions/miyagi/ac-nioi/
宮城県＿車内クリーニング,車　加齢臭,嘔吐ニオイ清掃,kareisyu,https://carinteriorcleaning.jp/regions/miyagi/kareisyu/
宮城県＿車内クリーニング,車　 ペット臭,嘔吐ニオイ清掃,pet-nioi,https://carinteriorcleaning.jp/regions/miyagi/pet-nioi/
宮城県＿車内クリーニング,車シート 洗浄,嘔吐ニオイ清掃,seat-senjo,https://carinteriorcleaning.jp/regions/miyagi/seat-senjo/
宮城県＿車内クリーニング,車シート クリーニング,嘔吐ニオイ清掃,seat-cleaning,https://carinteriorcleaning.jp/regions/miyagi/seat-cleaning/
宮城県＿車内クリーニング,車　 おしっこ,嘔吐ニオイ清掃,oshikko,https://carinteriorcleaning.jp/regions/miyagi/oshikko/
宮城県＿車内クリーニング,車　 うんこ,嘔吐ニオイ清掃,unko,https://carinteriorcleaning.jp/regions/miyagi/unko/
宮城県＿車内クリーニング,車の匂い取り,嘔吐ニオイ清掃,kuruma-nioitori,https://carinteriorcleaning.jp/regions/miyagi/kuruma-nioitori/
宮城県＿車内クリーニング,車　 タバコの匂い汚れ・タバコのヤニ,嘔吐ニオイ清掃,tabako-yani,https://carinteriorcleaning.jp/regions/miyagi/tabako-yani/
宮城県＿車内クリーニング,車内 灯油 こぼし,嘔吐ニオイ清掃,touyu-kobosi,https://carinteriorcleaning.jp/regions/miyagi/touyu-kobosi/
宮城県＿車内クリーニング,AG_緊急_灯油,嘔吐ニオイ清掃,touyu-kobosi,https://carinteriorcleaning.jp/regions/miyagi/touyu-kobosi/
宮城県＿車内クリーニング,AG_緊急_灯油,嘔吐ニオイ清掃,touyu-kobosi,https://carinteriorcleaning.jp/regions/miyagi/touyu-kobosi/
宮城県＿車内クリーニング,AG_緊急_灯油,嘔吐ニオイ清掃,touyu-kobosi,https://carinteriorcleaning.jp/regions/miyagi/touyu-kobosi/
宮城県＿車内クリーニング,AG_緊急_ペット,嘔吐ニオイ清掃,oshikko,https://carinteriorcleaning.jp/regions/miyagi/oshikko/
宮城県＿車内クリーニング,AG_緊急_ペット,嘔吐ニオイ清掃,oshikko,https://carinteriorcleaning.jp/regions/miyagi/oshikko/
宮城県＿車内クリーニング,AG_緊急_ペット,嘔吐ニオイ清掃,oshikko,https://carinteriorcleaning.jp/regions/miyagi/oshikko/
宮城県＿車内クリーニング,AG_消臭_口語,嘔吐ニオイ清掃,kuruma-nioi-keshi,https://carinteriorcleaning.jp/regions/miyagi/kuruma-nioi-keshi/
宮城県＿車内クリーニング,AG_消臭_口語,嘔吐ニオイ清掃,kuruma-nioi-keshi,https://carinteriorcleaning.jp/regions/miyagi/kuruma-nioi-keshi/
宮城県＿車内クリーニング,AG_消臭_湿気カビ,嘔吐ニオイ清掃,shanai-nioi,https://carinteriorcleaning.jp/regions/miyagi/shanai-nioi/
宮城県＿車内クリーニング,AG_消臭_湿気カビ,嘔吐ニオイ清掃,shanai-nioi,https://carinteriorcleaning.jp/regions/miyagi/shanai-nioi/
宮城県＿車内クリーニング,AG_消臭_湿気カビ,嘔吐ニオイ清掃,shanai-nioi,https://carinteriorcleaning.jp/regions/miyagi/shanai-nioi/
宮城県＿車内クリーニング,AG_エアコン_エバポレーター,嘔吐ニオイ清掃,evaporator-senjo,https://carinteriorcleaning.jp/regions/miyagi/evaporator-senjo/
宮城県＿車内クリーニング,AG_エアコン_エバポレーター,嘔吐ニオイ清掃,evaporator-senjo,https://carinteriorcleaning.jp/regions/miyagi/evaporator-senjo/
宮城県＿車内クリーニング,AG_エアコン_エバポレーター,嘔吐ニオイ清掃,evaporator-senjo,https://carinteriorcleaning.jp/regions/miyagi/evaporator-senjo/
宮城県＿車内クリーニング,AG_条件_出張,嘔吐ニオイ清掃,shutchou-senmon,https://carinteriorcleaning.jp/regions/miyagi/shutchou-senmon/
宮城県＿車内クリーニング,AG_条件_出張,嘔吐ニオイ清掃,shutchou-senmon,https://carinteriorcleaning.jp/regions/miyagi/shutchou-senmon/
宮城県＿車内クリーニング,AG_条件_電源不要,嘔吐ニオイ清掃,dengen-fuyou,https://carinteriorcleaning.jp/regions/miyagi/dengen-fuyou/
宮城県＿車内クリーニング,AG_条件_電源不要,嘔吐ニオイ清掃,dengen-fuyou,https://carinteriorcleaning.jp/regions/miyagi/dengen-fuyou/
宮城県＿車内クリーニング,AG_条件_電源不要,嘔吐ニオイ清掃,dengen-fuyou,https://carinteriorcleaning.jp/regions/miyagi/dengen-fuyou/
宮城県＿車内クリーニング,AG_バス_トラック,嘔吐ニオイ清掃,bus-senmon,https://carinteriorcleaning.jp/regions/miyagi/bus-senmon/
宮城県＿車内クリーニング,緊急_灯油,嘔吐ニオイ清掃,touyu-kobosi,https://carinteriorcleaning.jp/regions/miyagi/touyu-kobosi/
宮城県＿車内クリーニング,緊急_ペット,嘔吐ニオイ清掃,oshikko,https://carinteriorcleaning.jp/regions/miyagi/oshikko/
宮城県＿車内クリーニング,消臭_口語,嘔吐ニオイ清掃,kuruma-nioi-keshi,https://carinteriorcleaning.jp/regions/miyagi/kuruma-nioi-keshi/
宮城県＿車内クリーニング,消臭_口語,嘔吐ニオイ清掃,kuruma-nioi-keshi,https://carinteriorcleaning.jp/regions/miyagi/kuruma-nioi-keshi/
宮城県＿車内クリーニング,消臭_口語,嘔吐ニオイ清掃,kuruma-nioi-keshi,https://carinteriorcleaning.jp/regions/miyagi/kuruma-nioi-keshi/
宮城県＿車内クリーニング,消臭_中古車,嘔吐ニオイ清掃,chuko-tabako,https://carinteriorcleaning.jp/regions/miyagi/chuko-tabako/
宮城県＿車内クリーニング,消臭_湿気カビ,嘔吐ニオイ清掃,shanai-nioi,https://carinteriorcleaning.jp/regions/miyagi/shanai-nioi/
宮城県＿車内クリーニング,消臭_湿気カビ,嘔吐ニオイ清掃,shanai-nioi,https://carinteriorcleaning.jp/regions/miyagi/shanai-nioi/
宮城県＿車内クリーニング,エアコン_エバポレーター,嘔吐ニオイ清掃,evaporator-senjo,https://carinteriorcleaning.jp/regions/miyagi/evaporator-senjo/
宮城県＿車内クリーニング,エアコン_エバポレーター,嘔吐ニオイ清掃,evaporator-senjo,https://carinteriorcleaning.jp/regions/miyagi/evaporator-senjo/
宮城県＿車内クリーニング,AG_エアコン_エバポ,嘔吐ニオイ清掃,evaporator-senjo,https://carinteriorcleaning.jp/regions/miyagi/evaporator-senjo/
宮城県＿車内クリーニング,AG_エアコン_エバポ,嘔吐ニオイ清掃,evaporator-senjo,https://carinteriorcleaning.jp/regions/miyagi/evaporator-senjo/
宮城県＿車内クリーニング,条件_出張,嘔吐ニオイ清掃,shutchou-senmon,https://carinteriorcleaning.jp/regions/miyagi/shutchou-senmon/
宮城県＿車内クリーニング,条件_出張,嘔吐ニオイ清掃,shutchou-senmon,https://carinteriorcleaning.jp/regions/miyagi/shutchou-senmon/
宮城県＿車内クリーニング,条件_出張,嘔吐ニオイ清掃,shutchou-senmon,https://carinteriorcleaning.jp/regions/miyagi/shutchou-senmon/
愛知県＿車内クリーニング,int愛知_通常清掃,嘔吐ニオイ清掃,aichi,https://carinteriorcleaning.jp/regions/aichi/
愛知県＿車内クリーニング,車内の臭い,嘔吐ニオイ清掃,shanai-nioi,https://carinteriorcleaning.jp/regions/aichi/shanai-nioi/
愛知県＿車内クリーニング,車　 汗,嘔吐ニオイ清掃,ase,https://carinteriorcleaning.jp/regions/aichi/ase/
愛知県＿車内クリーニング,中古車タバコ臭,嘔吐ニオイ清掃,chuko-tabako,https://carinteriorcleaning.jp/regions/aichi/chuko-tabako/
愛知県＿車内クリーニング,中古車加齢臭,嘔吐ニオイ清掃,chuko-kareisyu,https://carinteriorcleaning.jp/regions/aichi/chuko-kareisyu/
愛知県＿車内クリーニング,車ペット毛,嘔吐ニオイ清掃,pet-ke,https://carinteriorcleaning.jp/regions/aichi/pet-ke/
愛知県＿車内クリーニング,車 匂い 消し・消臭洗浄,嘔吐ニオイ清掃,kuruma-nioi-keshi,https://carinteriorcleaning.jp/regions/aichi/kuruma-nioi-keshi/
愛知県＿車内クリーニング,車　 おもらし,嘔吐ニオイ清掃,omorashi,https://carinteriorcleaning.jp/regions/aichi/omorashi/
愛知県＿車内クリーニング,車　 エアコン臭い,嘔吐ニオイ清掃,ac-nioi,https://carinteriorcleaning.jp/regions/aichi/ac-nioi/
愛知県＿車内クリーニング,車　加齢臭,嘔吐ニオイ清掃,kareisyu,https://carinteriorcleaning.jp/regions/aichi/kareisyu/
愛知県＿車内クリーニング,車　 ペット臭,嘔吐ニオイ清掃,pet-nioi,https://carinteriorcleaning.jp/regions/aichi/pet-nioi/
愛知県＿車内クリーニング,車シート 洗浄,嘔吐ニオイ清掃,seat-senjo,https://carinteriorcleaning.jp/regions/aichi/seat-senjo/
愛知県＿車内クリーニング,車シート クリーニング,嘔吐ニオイ清掃,seat-cleaning,https://carinteriorcleaning.jp/regions/aichi/seat-cleaning/
愛知県＿車内クリーニング,車　 おしっこ,嘔吐ニオイ清掃,oshikko,https://carinteriorcleaning.jp/regions/aichi/oshikko/
愛知県＿車内クリーニング,車　 うんこ,嘔吐ニオイ清掃,unko,https://carinteriorcleaning.jp/regions/aichi/unko/
愛知県＿車内クリーニング,車の匂い取り,嘔吐ニオイ清掃,kuruma-nioitori,https://carinteriorcleaning.jp/regions/aichi/kuruma-nioitori/
愛知県＿車内クリーニング,車　 タバコの匂い汚れ・タバコのヤニ,嘔吐ニオイ清掃,tabako-yani,https://carinteriorcleaning.jp/regions/aichi/tabako-yani/
愛知県＿車内クリーニング,車内 灯油 こぼし,嘔吐ニオイ清掃,touyu-kobosi,https://carinteriorcleaning.jp/regions/aichi/touyu-kobosi/
愛知県＿車内クリーニング,AG_緊急_灯油,嘔吐ニオイ清掃,touyu-kobosi,https://carinteriorcleaning.jp/regions/aichi/touyu-kobosi/
愛知県＿車内クリーニング,AG_緊急_灯油,嘔吐ニオイ清掃,touyu-kobosi,https://carinteriorcleaning.jp/regions/aichi/touyu-kobosi/
愛知県＿車内クリーニング,AG_緊急_灯油,嘔吐ニオイ清掃,touyu-kobosi,https://carinteriorcleaning.jp/regions/aichi/touyu-kobosi/
愛知県＿車内クリーニング,AG_緊急_ペット,嘔吐ニオイ清掃,oshikko,https://carinteriorcleaning.jp/regions/aichi/oshikko/
愛知県＿車内クリーニング,AG_緊急_ペット,嘔吐ニオイ清掃,oshikko,https://carinteriorcleaning.jp/regions/aichi/oshikko/
愛知県＿車内クリーニング,AG_緊急_ペット,嘔吐ニオイ清掃,oshikko,https://carinteriorcleaning.jp/regions/aichi/oshikko/
愛知県＿車内クリーニング,AG_消臭_口語,嘔吐ニオイ清掃,kuruma-nioi-keshi,https://carinteriorcleaning.jp/regions/aichi/kuruma-nioi-keshi/
愛知県＿車内クリーニング,AG_消臭_口語,嘔吐ニオイ清掃,kuruma-nioi-keshi,https://carinteriorcleaning.jp/regions/aichi/kuruma-nioi-keshi/
愛知県＿車内クリーニング,AG_消臭_湿気カビ,嘔吐ニオイ清掃,shanai-nioi,https://carinteriorcleaning.jp/regions/aichi/shanai-nioi/
愛知県＿車内クリーニング,AG_消臭_湿気カビ,嘔吐ニオイ清掃,shanai-nioi,https://carinteriorcleaning.jp/regions/aichi/shanai-nioi/
愛知県＿車内クリーニング,AG_消臭_湿気カビ,嘔吐ニオイ清掃,shanai-nioi,https://carinteriorcleaning.jp/regions/aichi/shanai-nioi/
愛知県＿車内クリーニング,AG_エアコン_エバポレーター,嘔吐ニオイ清掃,evaporator-senjo,https://carinteriorcleaning.jp/regions/aichi/evaporator-senjo/
愛知県＿車内クリーニング,AG_エアコン_エバポレーター,嘔吐ニオイ清掃,evaporator-senjo,https://carinteriorcleaning.jp/regions/aichi/evaporator-senjo/
愛知県＿車内クリーニング,AG_エアコン_エバポレーター,嘔吐ニオイ清掃,evaporator-senjo,https://carinteriorcleaning.jp/regions/aichi/evaporator-senjo/
愛知県＿車内クリーニング,AG_条件_出張,嘔吐ニオイ清掃,shutchou-senmon,https://carinteriorcleaning.jp/regions/aichi/shutchou-senmon/
愛知県＿車内クリーニング,AG_条件_出張,嘔吐ニオイ清掃,shutchou-senmon,https://carinteriorcleaning.jp/regions/aichi/shutchou-senmon/
愛知県＿車内クリーニング,AG_条件_電源不要,嘔吐ニオイ清掃,dengen-fuyou,https://carinteriorcleaning.jp/regions/aichi/dengen-fuyou/
愛知県＿車内クリーニング,AG_条件_電源不要,嘔吐ニオイ清掃,dengen-fuyou,https://carinteriorcleaning.jp/regions/aichi/dengen-fuyou/
愛知県＿車内クリーニング,AG_条件_電源不要,嘔吐ニオイ清掃,dengen-fuyou,https://carinteriorcleaning.jp/regions/aichi/dengen-fuyou/
愛知県＿車内クリーニング,AG_バス_トラック,嘔吐ニオイ清掃,bus-senmon,https://carinteriorcleaning.jp/regions/aichi/bus-senmon/
愛知県＿車内クリーニング,緊急_灯油,嘔吐ニオイ清掃,touyu-kobosi,https://carinteriorcleaning.jp/regions/aichi/touyu-kobosi/
愛知県＿車内クリーニング,緊急_ペット,嘔吐ニオイ清掃,oshikko,https://carinteriorcleaning.jp/regions/aichi/oshikko/
愛知県＿車内クリーニング,消臭_口語,嘔吐ニオイ清掃,kuruma-nioi-keshi,https://carinteriorcleaning.jp/regions/aichi/kuruma-nioi-keshi/
愛知県＿車内クリーニング,消臭_口語,嘔吐ニオイ清掃,kuruma-nioi-keshi,https://carinteriorcleaning.jp/regions/aichi/kuruma-nioi-keshi/
愛知県＿車内クリーニング,消臭_口語,嘔吐ニオイ清掃,kuruma-nioi-keshi,https://carinteriorcleaning.jp/regions/aichi/kuruma-nioi-keshi/
愛知県＿車内クリーニング,消臭_中古車,嘔吐ニオイ清掃,chuko-tabako,https://carinteriorcleaning.jp/regions/aichi/chuko-tabako/
愛知県＿車内クリーニング,消臭_湿気カビ,嘔吐ニオイ清掃,shanai-nioi,https://carinteriorcleaning.jp/regions/aichi/shanai-nioi/
愛知県＿車内クリーニング,消臭_湿気カビ,嘔吐ニオイ清掃,shanai-nioi,https://carinteriorcleaning.jp/regions/aichi/shanai-nioi/
愛知県＿車内クリーニング,エアコン_エバポレーター,嘔吐ニオイ清掃,evaporator-senjo,https://carinteriorcleaning.jp/regions/aichi/evaporator-senjo/
愛知県＿車内クリーニング,エアコン_エバポレーター,嘔吐ニオイ清掃,evaporator-senjo,https://carinteriorcleaning.jp/regions/aichi/evaporator-senjo/
愛知県＿車内クリーニング,AG_エアコン_エバポ,嘔吐ニオイ清掃,evaporator-senjo,https://carinteriorcleaning.jp/regions/aichi/evaporator-senjo/
愛知県＿車内クリーニング,AG_エアコン_エバポ,嘔吐ニオイ清掃,evaporator-senjo,https://carinteriorcleaning.jp/regions/aichi/evaporator-senjo/
愛知県＿車内クリーニング,条件_出張,嘔吐ニオイ清掃,shutchou-senmon,https://carinteriorcleaning.jp/regions/aichi/shutchou-senmon/
愛知県＿車内クリーニング,条件_出張,嘔吐ニオイ清掃,shutchou-senmon,https://carinteriorcleaning.jp/regions/aichi/shutchou-senmon/
愛知県＿車内クリーニング,条件_出張,嘔吐ニオイ清掃,shutchou-senmon,https://carinteriorcleaning.jp/regions/aichi/shutchou-senmon/
千葉県＿車内クリーニング,int千葉_通常清掃,嘔吐ニオイ清掃,chiba,https://carinteriorcleaning.jp/regions/chiba/
千葉県＿車内クリーニング,車内の臭い,嘔吐ニオイ清掃,shanai-nioi,https://carinteriorcleaning.jp/regions/chiba/shanai-nioi/
千葉県＿車内クリーニング,車　 汗,嘔吐ニオイ清掃,ase,https://carinteriorcleaning.jp/regions/chiba/ase/
千葉県＿車内クリーニング,中古車タバコ臭,嘔吐ニオイ清掃,chuko-tabako,https://carinteriorcleaning.jp/regions/chiba/chuko-tabako/
千葉県＿車内クリーニング,中古車加齢臭,嘔吐ニオイ清掃,chuko-kareisyu,https://carinteriorcleaning.jp/regions/chiba/chuko-kareisyu/
千葉県＿車内クリーニング,車ペット毛,嘔吐ニオイ清掃,pet-ke,https://carinteriorcleaning.jp/regions/chiba/pet-ke/
千葉県＿車内クリーニング,車 匂い 消し・消臭洗浄,嘔吐ニオイ清掃,kuruma-nioi-keshi,https://carinteriorcleaning.jp/regions/chiba/kuruma-nioi-keshi/
千葉県＿車内クリーニング,車　 おもらし,嘔吐ニオイ清掃,omorashi,https://carinteriorcleaning.jp/regions/chiba/omorashi/
千葉県＿車内クリーニング,車　 エアコン臭い,嘔吐ニオイ清掃,ac-nioi,https://carinteriorcleaning.jp/regions/chiba/ac-nioi/
千葉県＿車内クリーニング,車　加齢臭,嘔吐ニオイ清掃,kareisyu,https://carinteriorcleaning.jp/regions/chiba/kareisyu/
千葉県＿車内クリーニング,車　 ペット臭,嘔吐ニオイ清掃,pet-nioi,https://carinteriorcleaning.jp/regions/chiba/pet-nioi/
千葉県＿車内クリーニング,車シート 洗浄,嘔吐ニオイ清掃,seat-senjo,https://carinteriorcleaning.jp/regions/chiba/seat-senjo/
千葉県＿車内クリーニング,車シート クリーニング,嘔吐ニオイ清掃,seat-cleaning,https://carinteriorcleaning.jp/regions/chiba/seat-cleaning/
千葉県＿車内クリーニング,車　 おしっこ,嘔吐ニオイ清掃,oshikko,https://carinteriorcleaning.jp/regions/chiba/oshikko/
千葉県＿車内クリーニング,車　 うんこ,嘔吐ニオイ清掃,unko,https://carinteriorcleaning.jp/regions/chiba/unko/
千葉県＿車内クリーニング,車の匂い取り,嘔吐ニオイ清掃,kuruma-nioitori,https://carinteriorcleaning.jp/regions/chiba/kuruma-nioitori/
千葉県＿車内クリーニング,車　 タバコの匂い汚れ・タバコのヤニ,嘔吐ニオイ清掃,tabako-yani,https://carinteriorcleaning.jp/regions/chiba/tabako-yani/
千葉県＿車内クリーニング,車内 灯油 こぼし,嘔吐ニオイ清掃,touyu-kobosi,https://carinteriorcleaning.jp/regions/chiba/touyu-kobosi/
千葉県＿車内クリーニング,AG_緊急_灯油,嘔吐ニオイ清掃,touyu-kobosi,https://carinteriorcleaning.jp/regions/chiba/touyu-kobosi/
千葉県＿車内クリーニング,AG_緊急_灯油,嘔吐ニオイ清掃,touyu-kobosi,https://carinteriorcleaning.jp/regions/chiba/touyu-kobosi/
千葉県＿車内クリーニング,AG_緊急_灯油,嘔吐ニオイ清掃,touyu-kobosi,https://carinteriorcleaning.jp/regions/chiba/touyu-kobosi/
千葉県＿車内クリーニング,AG_緊急_ペット,嘔吐ニオイ清掃,oshikko,https://carinteriorcleaning.jp/regions/chiba/oshikko/
千葉県＿車内クリーニング,AG_緊急_ペット,嘔吐ニオイ清掃,oshikko,https://carinteriorcleaning.jp/regions/chiba/oshikko/
千葉県＿車内クリーニング,AG_緊急_ペット,嘔吐ニオイ清掃,oshikko,https://carinteriorcleaning.jp/regions/chiba/oshikko/
千葉県＿車内クリーニング,AG_消臭_口語,嘔吐ニオイ清掃,kuruma-nioi-keshi,https://carinteriorcleaning.jp/regions/chiba/kuruma-nioi-keshi/
千葉県＿車内クリーニング,AG_消臭_口語,嘔吐ニオイ清掃,kuruma-nioi-keshi,https://carinteriorcleaning.jp/regions/chiba/kuruma-nioi-keshi/
千葉県＿車内クリーニング,AG_消臭_湿気カビ,嘔吐ニオイ清掃,shanai-nioi,https://carinteriorcleaning.jp/regions/chiba/shanai-nioi/
千葉県＿車内クリーニング,AG_消臭_湿気カビ,嘔吐ニオイ清掃,shanai-nioi,https://carinteriorcleaning.jp/regions/chiba/shanai-nioi/
千葉県＿車内クリーニング,AG_消臭_湿気カビ,嘔吐ニオイ清掃,shanai-nioi,https://carinteriorcleaning.jp/regions/chiba/shanai-nioi/
千葉県＿車内クリーニング,AG_エアコン_エバポレーター,嘔吐ニオイ清掃,evaporator-senjo,https://carinteriorcleaning.jp/regions/chiba/evaporator-senjo/
千葉県＿車内クリーニング,AG_エアコン_エバポレーター,嘔吐ニオイ清掃,evaporator-senjo,https://carinteriorcleaning.jp/regions/chiba/evaporator-senjo/
千葉県＿車内クリーニング,AG_エアコン_エバポレーター,嘔吐ニオイ清掃,evaporator-senjo,https://carinteriorcleaning.jp/regions/chiba/evaporator-senjo/
千葉県＿車内クリーニング,AG_条件_出張,嘔吐ニオイ清掃,shutchou-senmon,https://carinteriorcleaning.jp/regions/chiba/shutchou-senmon/
千葉県＿車内クリーニング,AG_条件_出張,嘔吐ニオイ清掃,shutchou-senmon,https://carinteriorcleaning.jp/regions/chiba/shutchou-senmon/
千葉県＿車内クリーニング,AG_条件_電源不要,嘔吐ニオイ清掃,dengen-fuyou,https://carinteriorcleaning.jp/regions/chiba/dengen-fuyou/
千葉県＿車内クリーニング,AG_条件_電源不要,嘔吐ニオイ清掃,dengen-fuyou,https://carinteriorcleaning.jp/regions/chiba/dengen-fuyou/
千葉県＿車内クリーニング,AG_条件_電源不要,嘔吐ニオイ清掃,dengen-fuyou,https://carinteriorcleaning.jp/regions/chiba/dengen-fuyou/
千葉県＿車内クリーニング,AG_バス_トラック,嘔吐ニオイ清掃,bus-senmon,https://carinteriorcleaning.jp/regions/chiba/bus-senmon/
千葉県＿車内クリーニング,緊急_灯油,嘔吐ニオイ清掃,touyu-kobosi,https://carinteriorcleaning.jp/regions/chiba/touyu-kobosi/
千葉県＿車内クリーニング,緊急_ペット,嘔吐ニオイ清掃,oshikko,https://carinteriorcleaning.jp/regions/chiba/oshikko/
千葉県＿車内クリーニング,消臭_口語,嘔吐ニオイ清掃,kuruma-nioi-keshi,https://carinteriorcleaning.jp/regions/chiba/kuruma-nioi-keshi/
千葉県＿車内クリーニング,消臭_口語,嘔吐ニオイ清掃,kuruma-nioi-keshi,https://carinteriorcleaning.jp/regions/chiba/kuruma-nioi-keshi/
千葉県＿車内クリーニング,消臭_口語,嘔吐ニオイ清掃,kuruma-nioi-keshi,https://carinteriorcleaning.jp/regions/chiba/kuruma-nioi-keshi/
千葉県＿車内クリーニング,消臭_中古車,嘔吐ニオイ清掃,chuko-tabako,https://carinteriorcleaning.jp/regions/chiba/chuko-tabako/
千葉県＿車内クリーニング,消臭_湿気カビ,嘔吐ニオイ清掃,shanai-nioi,https://carinteriorcleaning.jp/regions/chiba/shanai-nioi/
千葉県＿車内クリーニング,消臭_湿気カビ,嘔吐ニオイ清掃,shanai-nioi,https://carinteriorcleaning.jp/regions/chiba/shanai-nioi/
千葉県＿車内クリーニング,エアコン_エバポレーター,嘔吐ニオイ清掃,evaporator-senjo,https://carinteriorcleaning.jp/regions/chiba/evaporator-senjo/
千葉県＿車内クリーニング,エアコン_エバポレーター,嘔吐ニオイ清掃,evaporator-senjo,https://carinteriorcleaning.jp/regions/chiba/evaporator-senjo/
千葉県＿車内クリーニング,AG_エアコン_エバポ,嘔吐ニオイ清掃,evaporator-senjo,https://carinteriorcleaning.jp/regions/chiba/evaporator-senjo/
千葉県＿車内クリーニング,AG_エアコン_エバポ,嘔吐ニオイ清掃,evaporator-senjo,https://carinteriorcleaning.jp/regions/chiba/evaporator-senjo/
千葉県＿車内クリーニング,条件_出張,嘔吐ニオイ清掃,shutchou-senmon,https://carinteriorcleaning.jp/regions/chiba/shutchou-senmon/
千葉県＿車内クリーニング,条件_出張,嘔吐ニオイ清掃,shutchou-senmon,https://carinteriorcleaning.jp/regions/chiba/shutchou-senmon/
千葉県＿車内クリーニング,条件_出張,嘔吐ニオイ清掃,shutchou-senmon,https://carinteriorcleaning.jp/regions/chiba/shutchou-senmon/
兵庫県＿車内クリーニング,int兵庫_通常清掃,嘔吐ニオイ清掃,interior-cleaning,https://carinteriorcleaning.jp/regions/hyogo/interior-cleaning/
兵庫県＿車内クリーニング,車内の臭い,嘔吐ニオイ清掃,shanai-nioi,https://carinteriorcleaning.jp/regions/hyogo/shanai-nioi/
兵庫県＿車内クリーニング,車　 汗,嘔吐ニオイ清掃,ase,https://carinteriorcleaning.jp/regions/hyogo/ase/
兵庫県＿車内クリーニング,中古車タバコ臭,嘔吐ニオイ清掃,chuko-tabako,https://carinteriorcleaning.jp/regions/hyogo/chuko-tabako/
兵庫県＿車内クリーニング,中古車加齢臭,嘔吐ニオイ清掃,chuko-kareisyu,https://carinteriorcleaning.jp/regions/hyogo/chuko-kareisyu/
兵庫県＿車内クリーニング,車ペット毛,嘔吐ニオイ清掃,pet-ke,https://carinteriorcleaning.jp/regions/hyogo/pet-ke/
兵庫県＿車内クリーニング,車 匂い 消し・消臭洗浄,嘔吐ニオイ清掃,kuruma-nioi-keshi,https://carinteriorcleaning.jp/regions/hyogo/kuruma-nioi-keshi/
兵庫県＿車内クリーニング,車　 おもらし,嘔吐ニオイ清掃,omorashi,https://carinteriorcleaning.jp/regions/hyogo/omorashi/
兵庫県＿車内クリーニング,車　 エアコン臭い,嘔吐ニオイ清掃,ac-nioi,https://carinteriorcleaning.jp/regions/hyogo/ac-nioi/
兵庫県＿車内クリーニング,車　加齢臭,嘔吐ニオイ清掃,kareisyu,https://carinteriorcleaning.jp/regions/hyogo/kareisyu/
兵庫県＿車内クリーニング,車　 ペット臭,嘔吐ニオイ清掃,pet-nioi,https://carinteriorcleaning.jp/regions/hyogo/pet-nioi/
兵庫県＿車内クリーニング,車シート 洗浄,嘔吐ニオイ清掃,seat-senjo,https://carinteriorcleaning.jp/regions/hyogo/seat-senjo/
兵庫県＿車内クリーニング,車シート クリーニング,嘔吐ニオイ清掃,seat-cleaning,https://carinteriorcleaning.jp/regions/hyogo/seat-cleaning/
兵庫県＿車内クリーニング,車　 おしっこ,嘔吐ニオイ清掃,oshikko,https://carinteriorcleaning.jp/regions/hyogo/oshikko/
兵庫県＿車内クリーニング,車　 うんこ,嘔吐ニオイ清掃,unko,https://carinteriorcleaning.jp/regions/hyogo/unko/
兵庫県＿車内クリーニング,車の匂い取り,嘔吐ニオイ清掃,kuruma-nioitori,https://carinteriorcleaning.jp/regions/hyogo/kuruma-nioitori/
兵庫県＿車内クリーニング,車　 タバコの匂い汚れ・タバコのヤニ,嘔吐ニオイ清掃,tabako-yani,https://carinteriorcleaning.jp/regions/hyogo/tabako-yani/
兵庫県＿車内クリーニング,車内 灯油 こぼし,嘔吐ニオイ清掃,touyu-kobosi,https://carinteriorcleaning.jp/regions/hyogo/touyu-kobosi/
兵庫県＿車内クリーニング,AG_緊急_灯油,嘔吐ニオイ清掃,touyu-kobosi,https://carinteriorcleaning.jp/regions/hyogo/touyu-kobosi/
兵庫県＿車内クリーニング,AG_緊急_灯油,嘔吐ニオイ清掃,touyu-kobosi,https://carinteriorcleaning.jp/regions/hyogo/touyu-kobosi/
兵庫県＿車内クリーニング,AG_緊急_灯油,嘔吐ニオイ清掃,touyu-kobosi,https://carinteriorcleaning.jp/regions/hyogo/touyu-kobosi/
兵庫県＿車内クリーニング,AG_緊急_ペット,嘔吐ニオイ清掃,oshikko,https://carinteriorcleaning.jp/regions/hyogo/oshikko/
兵庫県＿車内クリーニング,AG_緊急_ペット,嘔吐ニオイ清掃,oshikko,https://carinteriorcleaning.jp/regions/hyogo/oshikko/
兵庫県＿車内クリーニング,AG_緊急_ペット,嘔吐ニオイ清掃,oshikko,https://carinteriorcleaning.jp/regions/hyogo/oshikko/
兵庫県＿車内クリーニング,AG_消臭_口語,嘔吐ニオイ清掃,kuruma-nioi-keshi,https://carinteriorcleaning.jp/regions/hyogo/kuruma-nioi-keshi/
兵庫県＿車内クリーニング,AG_消臭_口語,嘔吐ニオイ清掃,kuruma-nioi-keshi,https://carinteriorcleaning.jp/regions/hyogo/kuruma-nioi-keshi/
兵庫県＿車内クリーニング,AG_消臭_湿気カビ,嘔吐ニオイ清掃,shanai-nioi,https://carinteriorcleaning.jp/regions/hyogo/shanai-nioi/
兵庫県＿車内クリーニング,AG_消臭_湿気カビ,嘔吐ニオイ清掃,shanai-nioi,https://carinteriorcleaning.jp/regions/hyogo/shanai-nioi/
兵庫県＿車内クリーニング,AG_消臭_湿気カビ,嘔吐ニオイ清掃,shanai-nioi,https://carinteriorcleaning.jp/regions/hyogo/shanai-nioi/
兵庫県＿車内クリーニング,AG_エアコン_エバポレーター,嘔吐ニオイ清掃,evaporator-senjo,https://carinteriorcleaning.jp/regions/hyogo/evaporator-senjo/
兵庫県＿車内クリーニング,AG_エアコン_エバポレーター,嘔吐ニオイ清掃,evaporator-senjo,https://carinteriorcleaning.jp/regions/hyogo/evaporator-senjo/
兵庫県＿車内クリーニング,AG_エアコン_エバポレーター,嘔吐ニオイ清掃,evaporator-senjo,https://carinteriorcleaning.jp/regions/hyogo/evaporator-senjo/
兵庫県＿車内クリーニング,AG_条件_出張,嘔吐ニオイ清掃,shutchou-senmon,https://carinteriorcleaning.jp/regions/hyogo/shutchou-senmon/
兵庫県＿車内クリーニング,AG_条件_出張,嘔吐ニオイ清掃,shutchou-senmon,https://carinteriorcleaning.jp/regions/hyogo/shutchou-senmon/
兵庫県＿車内クリーニング,AG_条件_電源不要,嘔吐ニオイ清掃,dengen-fuyou,https://carinteriorcleaning.jp/regions/hyogo/dengen-fuyou/
兵庫県＿車内クリーニング,AG_条件_電源不要,嘔吐ニオイ清掃,dengen-fuyou,https://carinteriorcleaning.jp/regions/hyogo/dengen-fuyou/
兵庫県＿車内クリーニング,AG_条件_電源不要,嘔吐ニオイ清掃,dengen-fuyou,https://carinteriorcleaning.jp/regions/hyogo/dengen-fuyou/
兵庫県＿車内クリーニング,AG_バス_トラック,嘔吐ニオイ清掃,bus-senmon,https://carinteriorcleaning.jp/regions/hyogo/bus-senmon/
兵庫県＿車内クリーニング,緊急_灯油,嘔吐ニオイ清掃,touyu-kobosi,https://carinteriorcleaning.jp/regions/hyogo/touyu-kobosi/
兵庫県＿車内クリーニング,緊急_ペット,嘔吐ニオイ清掃,oshikko,https://carinteriorcleaning.jp/regions/hyogo/oshikko/
兵庫県＿車内クリーニング,消臭_口語,嘔吐ニオイ清掃,kuruma-nioi-keshi,https://carinteriorcleaning.jp/regions/hyogo/kuruma-nioi-keshi/
兵庫県＿車内クリーニング,消臭_口語,嘔吐ニオイ清掃,kuruma-nioi-keshi,https://carinteriorcleaning.jp/regions/hyogo/kuruma-nioi-keshi/
兵庫県＿車内クリーニング,消臭_口語,嘔吐ニオイ清掃,kuruma-nioi-keshi,https://carinteriorcleaning.jp/regions/hyogo/kuruma-nioi-keshi/
兵庫県＿車内クリーニング,消臭_中古車,嘔吐ニオイ清掃,chuko-tabako,https://carinteriorcleaning.jp/regions/hyogo/chuko-tabako/
兵庫県＿車内クリーニング,消臭_湿気カビ,嘔吐ニオイ清掃,shanai-nioi,https://carinteriorcleaning.jp/regions/hyogo/shanai-nioi/
兵庫県＿車内クリーニング,消臭_湿気カビ,嘔吐ニオイ清掃,shanai-nioi,https://carinteriorcleaning.jp/regions/hyogo/shanai-nioi/
兵庫県＿車内クリーニング,エアコン_エバポレーター,嘔吐ニオイ清掃,evaporator-senjo,https://carinteriorcleaning.jp/regions/hyogo/evaporator-senjo/
兵庫県＿車内クリーニング,エアコン_エバポレーター,嘔吐ニオイ清掃,evaporator-senjo,https://carinteriorcleaning.jp/regions/hyogo/evaporator-senjo/
兵庫県＿車内クリーニング,AG_エアコン_エバポ,嘔吐ニオイ清掃,evaporator-senjo,https://carinteriorcleaning.jp/regions/hyogo/evaporator-senjo/
兵庫県＿車内クリーニング,AG_エアコン_エバポ,嘔吐ニオイ清掃,evaporator-senjo,https://carinteriorcleaning.jp/regions/hyogo/evaporator-senjo/
兵庫県＿車内クリーニング,条件_出張,嘔吐ニオイ清掃,shutchou-senmon,https://carinteriorcleaning.jp/regions/hyogo/shutchou-senmon/
兵庫県＿車内クリーニング,条件_出張,嘔吐ニオイ清掃,shutchou-senmon,https://carinteriorcleaning.jp/regions/hyogo/shutchou-senmon/
兵庫県＿車内クリーニング,条件_出張,嘔吐ニオイ清掃,shutchou-senmon,https://carinteriorcleaning.jp/regions/hyogo/shutchou-senmon/
福岡県＿車内クリーニング,int福岡_通常清掃,嘔吐ニオイ清掃,interior-cleaning,https://carinteriorcleaning.jp/regions/fukuoka/interior-cleaning/
福岡県＿車内クリーニング,車内の臭い,嘔吐ニオイ清掃,shanai-nioi,https://carinteriorcleaning.jp/regions/fukuoka/shanai-nioi/
福岡県＿車内クリーニング,車　 汗,嘔吐ニオイ清掃,ase,https://carinteriorcleaning.jp/regions/fukuoka/ase/
福岡県＿車内クリーニング,中古車タバコ臭,嘔吐ニオイ清掃,chuko-tabako,https://carinteriorcleaning.jp/regions/fukuoka/chuko-tabako/
福岡県＿車内クリーニング,中古車加齢臭,嘔吐ニオイ清掃,chuko-kareisyu,https://carinteriorcleaning.jp/regions/fukuoka/chuko-kareisyu/
福岡県＿車内クリーニング,車ペット毛,嘔吐ニオイ清掃,pet-ke,https://carinteriorcleaning.jp/regions/fukuoka/pet-ke/
福岡県＿車内クリーニング,車 匂い 消し・消臭洗浄,嘔吐ニオイ清掃,kuruma-nioi-keshi,https://carinteriorcleaning.jp/regions/fukuoka/kuruma-nioi-keshi/
福岡県＿車内クリーニング,車　 おもらし,嘔吐ニオイ清掃,omorashi,https://carinteriorcleaning.jp/regions/fukuoka/omorashi/
福岡県＿車内クリーニング,車　 エアコン臭い,嘔吐ニオイ清掃,ac-nioi,https://carinteriorcleaning.jp/regions/fukuoka/ac-nioi/
福岡県＿車内クリーニング,車　加齢臭,嘔吐ニオイ清掃,kareisyu,https://carinteriorcleaning.jp/regions/fukuoka/kareisyu/
福岡県＿車内クリーニング,車　 ペット臭,嘔吐ニオイ清掃,pet-nioi,https://carinteriorcleaning.jp/regions/fukuoka/pet-nioi/
福岡県＿車内クリーニング,車シート 洗浄,嘔吐ニオイ清掃,seat-senjo,https://carinteriorcleaning.jp/regions/fukuoka/seat-senjo/
福岡県＿車内クリーニング,車シート クリーニング,嘔吐ニオイ清掃,seat-cleaning,https://carinteriorcleaning.jp/regions/fukuoka/seat-cleaning/
福岡県＿車内クリーニング,車　 おしっこ,嘔吐ニオイ清掃,oshikko,https://carinteriorcleaning.jp/regions/fukuoka/oshikko/
福岡県＿車内クリーニング,車　 うんこ,嘔吐ニオイ清掃,unko,https://carinteriorcleaning.jp/regions/fukuoka/unko/
福岡県＿車内クリーニング,車の匂い取り,嘔吐ニオイ清掃,kuruma-nioitori,https://carinteriorcleaning.jp/regions/fukuoka/kuruma-nioitori/
福岡県＿車内クリーニング,車　 タバコの匂い汚れ・タバコのヤニ,嘔吐ニオイ清掃,tabako-yani,https://carinteriorcleaning.jp/regions/fukuoka/tabako-yani/
福岡県＿車内クリーニング,車内 灯油 こぼし,嘔吐ニオイ清掃,touyu-kobosi,https://carinteriorcleaning.jp/regions/fukuoka/touyu-kobosi/
福岡県＿車内クリーニング,AG_緊急_灯油,嘔吐ニオイ清掃,touyu-kobosi,https://carinteriorcleaning.jp/regions/fukuoka/touyu-kobosi/
福岡県＿車内クリーニング,AG_緊急_灯油,嘔吐ニオイ清掃,touyu-kobosi,https://carinteriorcleaning.jp/regions/fukuoka/touyu-kobosi/
福岡県＿車内クリーニング,AG_緊急_灯油,嘔吐ニオイ清掃,touyu-kobosi,https://carinteriorcleaning.jp/regions/fukuoka/touyu-kobosi/
福岡県＿車内クリーニング,AG_緊急_ペット,嘔吐ニオイ清掃,oshikko,https://carinteriorcleaning.jp/regions/fukuoka/oshikko/
福岡県＿車内クリーニング,AG_緊急_ペット,嘔吐ニオイ清掃,oshikko,https://carinteriorcleaning.jp/regions/fukuoka/oshikko/
福岡県＿車内クリーニング,AG_緊急_ペット,嘔吐ニオイ清掃,oshikko,https://carinteriorcleaning.jp/regions/fukuoka/oshikko/
福岡県＿車内クリーニング,AG_消臭_口語,嘔吐ニオイ清掃,kuruma-nioi-keshi,https://carinteriorcleaning.jp/regions/fukuoka/kuruma-nioi-keshi/
福岡県＿車内クリーニング,AG_消臭_口語,嘔吐ニオイ清掃,kuruma-nioi-keshi,https://carinteriorcleaning.jp/regions/fukuoka/kuruma-nioi-keshi/
福岡県＿車内クリーニング,AG_消臭_湿気カビ,嘔吐ニオイ清掃,shanai-nioi,https://carinteriorcleaning.jp/regions/fukuoka/shanai-nioi/
福岡県＿車内クリーニング,AG_消臭_湿気カビ,嘔吐ニオイ清掃,shanai-nioi,https://carinteriorcleaning.jp/regions/fukuoka/shanai-nioi/
福岡県＿車内クリーニング,AG_消臭_湿気カビ,嘔吐ニオイ清掃,shanai-nioi,https://carinteriorcleaning.jp/regions/fukuoka/shanai-nioi/
福岡県＿車内クリーニング,AG_エアコン_エバポレーター,嘔吐ニオイ清掃,evaporator-senjo,https://carinteriorcleaning.jp/regions/fukuoka/evaporator-senjo/
福岡県＿車内クリーニング,AG_エアコン_エバポレーター,嘔吐ニオイ清掃,evaporator-senjo,https://carinteriorcleaning.jp/regions/fukuoka/evaporator-senjo/
福岡県＿車内クリーニング,AG_エアコン_エバポレーター,嘔吐ニオイ清掃,evaporator-senjo,https://carinteriorcleaning.jp/regions/fukuoka/evaporator-senjo/
福岡県＿車内クリーニング,AG_条件_出張,嘔吐ニオイ清掃,shutchou-senmon,https://carinteriorcleaning.jp/regions/fukuoka/shutchou-senmon/
福岡県＿車内クリーニング,AG_条件_出張,嘔吐ニオイ清掃,shutchou-senmon,https://carinteriorcleaning.jp/regions/fukuoka/shutchou-senmon/
福岡県＿車内クリーニング,AG_条件_電源不要,嘔吐ニオイ清掃,dengen-fuyou,https://carinteriorcleaning.jp/regions/fukuoka/dengen-fuyou/
福岡県＿車内クリーニング,AG_条件_電源不要,嘔吐ニオイ清掃,dengen-fuyou,https://carinteriorcleaning.jp/regions/fukuoka/dengen-fuyou/
福岡県＿車内クリーニング,AG_条件_電源不要,嘔吐ニオイ清掃,dengen-fuyou,https://carinteriorcleaning.jp/regions/fukuoka/dengen-fuyou/
福岡県＿車内クリーニング,AG_バス_トラック,嘔吐ニオイ清掃,bus-senmon,https://carinteriorcleaning.jp/regions/fukuoka/bus-senmon/
福岡県＿車内クリーニング,緊急_灯油,嘔吐ニオイ清掃,touyu-kobosi,https://carinteriorcleaning.jp/regions/fukuoka/touyu-kobosi/
福岡県＿車内クリーニング,緊急_ペット,嘔吐ニオイ清掃,oshikko,https://carinteriorcleaning.jp/regions/fukuoka/oshikko/
福岡県＿車内クリーニング,消臭_口語,嘔吐ニオイ清掃,kuruma-nioi-keshi,https://carinteriorcleaning.jp/regions/fukuoka/kuruma-nioi-keshi/
福岡県＿車内クリーニング,消臭_口語,嘔吐ニオイ清掃,kuruma-nioi-keshi,https://carinteriorcleaning.jp/regions/fukuoka/kuruma-nioi-keshi/
福岡県＿車内クリーニング,消臭_口語,嘔吐ニオイ清掃,kuruma-nioi-keshi,https://carinteriorcleaning.jp/regions/fukuoka/kuruma-nioi-keshi/
福岡県＿車内クリーニング,消臭_中古車,嘔吐ニオイ清掃,chuko-tabako,https://carinteriorcleaning.jp/regions/fukuoka/chuko-tabako/
福岡県＿車内クリーニング,消臭_湿気カビ,嘔吐ニオイ清掃,shanai-nioi,https://carinteriorcleaning.jp/regions/fukuoka/shanai-nioi/
福岡県＿車内クリーニング,消臭_湿気カビ,嘔吐ニオイ清掃,shanai-nioi,https://carinteriorcleaning.jp/regions/fukuoka/shanai-nioi/
福岡県＿車内クリーニング,エアコン_エバポレーター,嘔吐ニオイ清掃,evaporator-senjo,https://carinteriorcleaning.jp/regions/fukuoka/evaporator-senjo/
福岡県＿車内クリーニング,エアコン_エバポレーター,嘔吐ニオイ清掃,evaporator-senjo,https://carinteriorcleaning.jp/regions/fukuoka/evaporator-senjo/
福岡県＿車内クリーニング,AG_エアコン_エバポ,嘔吐ニオイ清掃,evaporator-senjo,https://carinteriorcleaning.jp/regions/fukuoka/evaporator-senjo/
福岡県＿車内クリーニング,AG_エアコン_エバポ,嘔吐ニオイ清掃,evaporator-senjo,https://carinteriorcleaning.jp/regions/fukuoka/evaporator-senjo/
福岡県＿車内クリーニング,条件_出張,嘔吐ニオイ清掃,shutchou-senmon,https://carinteriorcleaning.jp/regions/fukuoka/shutchou-senmon/
福岡県＿車内クリーニング,条件_出張,嘔吐ニオイ清掃,shutchou-senmon,https://carinteriorcleaning.jp/regions/fukuoka/shutchou-senmon/
福岡県＿車内クリーニング,条件_出張,嘔吐ニオイ清掃,shutchou-senmon,https://carinteriorcleaning.jp/regions/fukuoka/shutchou-senmon/
群馬県＿車内クリーニング,int群馬_通常清掃,嘔吐ニオイ清掃,gunma,https://carinteriorcleaning.jp/regions/gunma/
群馬県＿車内クリーニング,車内の臭い,嘔吐ニオイ清掃,shanai-nioi,https://carinteriorcleaning.jp/regions/gunma/shanai-nioi/
群馬県＿車内クリーニング,車　 汗,嘔吐ニオイ清掃,ase,https://carinteriorcleaning.jp/regions/gunma/ase/
群馬県＿車内クリーニング,中古車タバコ臭,嘔吐ニオイ清掃,chuko-tabako,https://carinteriorcleaning.jp/regions/gunma/chuko-tabako/
群馬県＿車内クリーニング,中古車加齢臭,嘔吐ニオイ清掃,chuko-kareisyu,https://carinteriorcleaning.jp/regions/gunma/chuko-kareisyu/
群馬県＿車内クリーニング,車ペット毛,嘔吐ニオイ清掃,pet-ke,https://carinteriorcleaning.jp/regions/gunma/pet-ke/
群馬県＿車内クリーニング,車 匂い 消し・消臭洗浄,嘔吐ニオイ清掃,kuruma-nioi-keshi,https://carinteriorcleaning.jp/regions/gunma/kuruma-nioi-keshi/
群馬県＿車内クリーニング,車　 おもらし,嘔吐ニオイ清掃,omorashi,https://carinteriorcleaning.jp/regions/gunma/omorashi/
群馬県＿車内クリーニング,車　 エアコン臭い,嘔吐ニオイ清掃,ac-nioi,https://carinteriorcleaning.jp/regions/gunma/ac-nioi/
群馬県＿車内クリーニング,車　加齢臭,嘔吐ニオイ清掃,kareisyu,https://carinteriorcleaning.jp/regions/gunma/kareisyu/
群馬県＿車内クリーニング,車　 ペット臭,嘔吐ニオイ清掃,pet-nioi,https://carinteriorcleaning.jp/regions/gunma/pet-nioi/
群馬県＿車内クリーニング,車シート 洗浄,嘔吐ニオイ清掃,seat-senjo,https://carinteriorcleaning.jp/regions/gunma/seat-senjo/
群馬県＿車内クリーニング,車シート クリーニング,嘔吐ニオイ清掃,seat-cleaning,https://carinteriorcleaning.jp/regions/gunma/seat-cleaning/
群馬県＿車内クリーニング,車　 おしっこ,嘔吐ニオイ清掃,oshikko,https://carinteriorcleaning.jp/regions/gunma/oshikko/
群馬県＿車内クリーニング,車　 うんこ,嘔吐ニオイ清掃,unko,https://carinteriorcleaning.jp/regions/gunma/unko/
群馬県＿車内クリーニング,車の匂い取り,嘔吐ニオイ清掃,kuruma-nioitori,https://carinteriorcleaning.jp/regions/gunma/kuruma-nioitori/
群馬県＿車内クリーニング,車　 タバコの匂い汚れ・タバコのヤニ,嘔吐ニオイ清掃,tabako-yani,https://carinteriorcleaning.jp/regions/gunma/tabako-yani/
群馬県＿車内クリーニング,車内 灯油 こぼし,嘔吐ニオイ清掃,touyu-kobosi,https://carinteriorcleaning.jp/regions/gunma/touyu-kobosi/
群馬県＿車内クリーニング,AG_緊急_灯油,嘔吐ニオイ清掃,touyu-kobosi,https://carinteriorcleaning.jp/regions/gunma/touyu-kobosi/
群馬県＿車内クリーニング,AG_緊急_灯油,嘔吐ニオイ清掃,touyu-kobosi,https://carinteriorcleaning.jp/regions/gunma/touyu-kobosi/
群馬県＿車内クリーニング,AG_緊急_灯油,嘔吐ニオイ清掃,touyu-kobosi,https://carinteriorcleaning.jp/regions/gunma/touyu-kobosi/
群馬県＿車内クリーニング,AG_緊急_ペット,嘔吐ニオイ清掃,oshikko,https://carinteriorcleaning.jp/regions/gunma/oshikko/
群馬県＿車内クリーニング,AG_緊急_ペット,嘔吐ニオイ清掃,oshikko,https://carinteriorcleaning.jp/regions/gunma/oshikko/
群馬県＿車内クリーニング,AG_緊急_ペット,嘔吐ニオイ清掃,oshikko,https://carinteriorcleaning.jp/regions/gunma/oshikko/
群馬県＿車内クリーニング,AG_消臭_口語,嘔吐ニオイ清掃,kuruma-nioi-keshi,https://carinteriorcleaning.jp/regions/gunma/kuruma-nioi-keshi/
群馬県＿車内クリーニング,AG_消臭_口語,嘔吐ニオイ清掃,kuruma-nioi-keshi,https://carinteriorcleaning.jp/regions/gunma/kuruma-nioi-keshi/
群馬県＿車内クリーニング,AG_消臭_湿気カビ,嘔吐ニオイ清掃,shanai-nioi,https://carinteriorcleaning.jp/regions/gunma/shanai-nioi/
群馬県＿車内クリーニング,AG_消臭_湿気カビ,嘔吐ニオイ清掃,shanai-nioi,https://carinteriorcleaning.jp/regions/gunma/shanai-nioi/
群馬県＿車内クリーニング,AG_消臭_湿気カビ,嘔吐ニオイ清掃,shanai-nioi,https://carinteriorcleaning.jp/regions/gunma/shanai-nioi/
群馬県＿車内クリーニング,AG_エアコン_エバポレーター,嘔吐ニオイ清掃,evaporator-senjo,https://carinteriorcleaning.jp/regions/gunma/evaporator-senjo/
群馬県＿車内クリーニング,AG_エアコン_エバポレーター,嘔吐ニオイ清掃,evaporator-senjo,https://carinteriorcleaning.jp/regions/gunma/evaporator-senjo/
群馬県＿車内クリーニング,AG_エアコン_エバポレーター,嘔吐ニオイ清掃,evaporator-senjo,https://carinteriorcleaning.jp/regions/gunma/evaporator-senjo/
群馬県＿車内クリーニング,AG_条件_出張,嘔吐ニオイ清掃,shutchou-senmon,https://carinteriorcleaning.jp/regions/gunma/shutchou-senmon/
群馬県＿車内クリーニング,AG_条件_出張,嘔吐ニオイ清掃,shutchou-senmon,https://carinteriorcleaning.jp/regions/gunma/shutchou-senmon/
群馬県＿車内クリーニング,AG_条件_電源不要,嘔吐ニオイ清掃,dengen-fuyou,https://carinteriorcleaning.jp/regions/gunma/dengen-fuyou/
群馬県＿車内クリーニング,AG_バス_トラック,嘔吐ニオイ清掃,bus-senmon,https://carinteriorcleaning.jp/regions/gunma/bus-senmon/
群馬県＿車内クリーニング,緊急_灯油,嘔吐ニオイ清掃,touyu-kobosi,https://carinteriorcleaning.jp/regions/gunma/touyu-kobosi/
群馬県＿車内クリーニング,緊急_ペット,嘔吐ニオイ清掃,oshikko,https://carinteriorcleaning.jp/regions/gunma/oshikko/
群馬県＿車内クリーニング,消臭_口語,嘔吐ニオイ清掃,kuruma-nioi-keshi,https://carinteriorcleaning.jp/regions/gunma/kuruma-nioi-keshi/
群馬県＿車内クリーニング,消臭_口語,嘔吐ニオイ清掃,kuruma-nioi-keshi,https://carinteriorcleaning.jp/regions/gunma/kuruma-nioi-keshi/
群馬県＿車内クリーニング,消臭_口語,嘔吐ニオイ清掃,kuruma-nioi-keshi,https://carinteriorcleaning.jp/regions/gunma/kuruma-nioi-keshi/
群馬県＿車内クリーニング,消臭_中古車,嘔吐ニオイ清掃,chuko-tabako,https://carinteriorcleaning.jp/regions/gunma/chuko-tabako/
群馬県＿車内クリーニング,消臭_湿気カビ,嘔吐ニオイ清掃,shanai-nioi,https://carinteriorcleaning.jp/regions/gunma/shanai-nioi/
群馬県＿車内クリーニング,消臭_湿気カビ,嘔吐ニオイ清掃,shanai-nioi,https://carinteriorcleaning.jp/regions/gunma/shanai-nioi/
群馬県＿車内クリーニング,エアコン_エバポレーター,嘔吐ニオイ清掃,evaporator-senjo,https://carinteriorcleaning.jp/regions/gunma/evaporator-senjo/
群馬県＿車内クリーニング,エアコン_エバポレーター,嘔吐ニオイ清掃,evaporator-senjo,https://carinteriorcleaning.jp/regions/gunma/evaporator-senjo/
群馬県＿車内クリーニング,AG_エアコン_エバポ,嘔吐ニオイ清掃,evaporator-senjo,https://carinteriorcleaning.jp/regions/gunma/evaporator-senjo/
群馬県＿車内クリーニング,AG_エアコン_エバポ,嘔吐ニオイ清掃,evaporator-senjo,https://carinteriorcleaning.jp/regions/gunma/evaporator-senjo/
群馬県＿車内クリーニング,条件_出張,嘔吐ニオイ清掃,shutchou-senmon,https://carinteriorcleaning.jp/regions/gunma/shutchou-senmon/
群馬県＿車内クリーニング,条件_出張,嘔吐ニオイ清掃,shutchou-senmon,https://carinteriorcleaning.jp/regions/gunma/shutchou-senmon/
群馬県＿車内クリーニング,条件_出張,嘔吐ニオイ清掃,shutchou-senmon,https://carinteriorcleaning.jp/regions/gunma/shutchou-senmon/
栃木県＿車内クリーニング,int栃木_通常清掃,嘔吐ニオイ清掃,tochigi,https://carinteriorcleaning.jp/regions/tochigi/
栃木県＿車内クリーニング,車内の臭い,嘔吐ニオイ清掃,shanai-nioi,https://carinteriorcleaning.jp/regions/tochigi/shanai-nioi/
栃木県＿車内クリーニング,車　 汗,嘔吐ニオイ清掃,ase,https://carinteriorcleaning.jp/regions/tochigi/ase/
栃木県＿車内クリーニング,中古車タバコ臭,嘔吐ニオイ清掃,chuko-tabako,https://carinteriorcleaning.jp/regions/tochigi/chuko-tabako/
栃木県＿車内クリーニング,中古車加齢臭,嘔吐ニオイ清掃,chuko-kareisyu,https://carinteriorcleaning.jp/regions/tochigi/chuko-kareisyu/
栃木県＿車内クリーニング,車ペット毛,嘔吐ニオイ清掃,pet-ke,https://carinteriorcleaning.jp/regions/tochigi/pet-ke/
栃木県＿車内クリーニング,車 匂い 消し・消臭洗浄,嘔吐ニオイ清掃,kuruma-nioi-keshi,https://carinteriorcleaning.jp/regions/tochigi/kuruma-nioi-keshi/
栃木県＿車内クリーニング,車　 おもらし,嘔吐ニオイ清掃,omorashi,https://carinteriorcleaning.jp/regions/tochigi/omorashi/
栃木県＿車内クリーニング,車　 エアコン臭い,嘔吐ニオイ清掃,ac-nioi,https://carinteriorcleaning.jp/regions/tochigi/ac-nioi/
栃木県＿車内クリーニング,車　加齢臭,嘔吐ニオイ清掃,kareisyu,https://carinteriorcleaning.jp/regions/tochigi/kareisyu/
栃木県＿車内クリーニング,車　 ペット臭,嘔吐ニオイ清掃,pet-nioi,https://carinteriorcleaning.jp/regions/tochigi/pet-nioi/
栃木県＿車内クリーニング,車シート 洗浄,嘔吐ニオイ清掃,seat-senjo,https://carinteriorcleaning.jp/regions/tochigi/seat-senjo/
栃木県＿車内クリーニング,車シート クリーニング,嘔吐ニオイ清掃,seat-cleaning,https://carinteriorcleaning.jp/regions/tochigi/seat-cleaning/
栃木県＿車内クリーニング,車　 おしっこ,嘔吐ニオイ清掃,oshikko,https://carinteriorcleaning.jp/regions/tochigi/oshikko/
栃木県＿車内クリーニング,車　 うんこ,嘔吐ニオイ清掃,unko,https://carinteriorcleaning.jp/regions/tochigi/unko/
栃木県＿車内クリーニング,車の匂い取り,嘔吐ニオイ清掃,kuruma-nioitori,https://carinteriorcleaning.jp/regions/tochigi/kuruma-nioitori/
栃木県＿車内クリーニング,車　 タバコの匂い汚れ・タバコのヤニ,嘔吐ニオイ清掃,tabako-yani,https://carinteriorcleaning.jp/regions/tochigi/tabako-yani/
栃木県＿車内クリーニング,車内 灯油 こぼし,嘔吐ニオイ清掃,touyu-kobosi,https://carinteriorcleaning.jp/regions/tochigi/touyu-kobosi/
栃木県＿車内クリーニング,AG_緊急_灯油,嘔吐ニオイ清掃,touyu-kobosi,https://carinteriorcleaning.jp/regions/tochigi/touyu-kobosi/
栃木県＿車内クリーニング,AG_緊急_灯油,嘔吐ニオイ清掃,touyu-kobosi,https://carinteriorcleaning.jp/regions/tochigi/touyu-kobosi/
栃木県＿車内クリーニング,AG_緊急_灯油,嘔吐ニオイ清掃,touyu-kobosi,https://carinteriorcleaning.jp/regions/tochigi/touyu-kobosi/
栃木県＿車内クリーニング,AG_緊急_ペット,嘔吐ニオイ清掃,oshikko,https://carinteriorcleaning.jp/regions/tochigi/oshikko/
栃木県＿車内クリーニング,AG_緊急_ペット,嘔吐ニオイ清掃,oshikko,https://carinteriorcleaning.jp/regions/tochigi/oshikko/
栃木県＿車内クリーニング,AG_緊急_ペット,嘔吐ニオイ清掃,oshikko,https://carinteriorcleaning.jp/regions/tochigi/oshikko/
栃木県＿車内クリーニング,AG_消臭_口語,嘔吐ニオイ清掃,kuruma-nioi-keshi,https://carinteriorcleaning.jp/regions/tochigi/kuruma-nioi-keshi/
栃木県＿車内クリーニング,AG_消臭_口語,嘔吐ニオイ清掃,kuruma-nioi-keshi,https://carinteriorcleaning.jp/regions/tochigi/kuruma-nioi-keshi/
栃木県＿車内クリーニング,AG_消臭_湿気カビ,嘔吐ニオイ清掃,shanai-nioi,https://carinteriorcleaning.jp/regions/tochigi/shanai-nioi/
栃木県＿車内クリーニング,AG_消臭_湿気カビ,嘔吐ニオイ清掃,shanai-nioi,https://carinteriorcleaning.jp/regions/tochigi/shanai-nioi/
栃木県＿車内クリーニング,AG_消臭_湿気カビ,嘔吐ニオイ清掃,shanai-nioi,https://carinteriorcleaning.jp/regions/tochigi/shanai-nioi/
栃木県＿車内クリーニング,AG_エアコン_エバポレーター,嘔吐ニオイ清掃,evaporator-senjo,https://carinteriorcleaning.jp/regions/tochigi/evaporator-senjo/
栃木県＿車内クリーニング,AG_エアコン_エバポレーター,嘔吐ニオイ清掃,evaporator-senjo,https://carinteriorcleaning.jp/regions/tochigi/evaporator-senjo/
栃木県＿車内クリーニング,AG_エアコン_エバポレーター,嘔吐ニオイ清掃,evaporator-senjo,https://carinteriorcleaning.jp/regions/tochigi/evaporator-senjo/
栃木県＿車内クリーニング,AG_条件_出張,嘔吐ニオイ清掃,shutchou-senmon,https://carinteriorcleaning.jp/regions/tochigi/shutchou-senmon/
栃木県＿車内クリーニング,AG_条件_出張,嘔吐ニオイ清掃,shutchou-senmon,https://carinteriorcleaning.jp/regions/tochigi/shutchou-senmon/
栃木県＿車内クリーニング,AG_条件_電源不要,嘔吐ニオイ清掃,dengen-fuyou,https://carinteriorcleaning.jp/regions/tochigi/dengen-fuyou/
栃木県＿車内クリーニング,AG_条件_電源不要,嘔吐ニオイ清掃,dengen-fuyou,https://carinteriorcleaning.jp/regions/tochigi/dengen-fuyou/
栃木県＿車内クリーニング,AG_条件_電源不要,嘔吐ニオイ清掃,dengen-fuyou,https://carinteriorcleaning.jp/regions/tochigi/dengen-fuyou/
栃木県＿車内クリーニング,AG_バス_トラック,嘔吐ニオイ清掃,bus-senmon,https://carinteriorcleaning.jp/regions/tochigi/bus-senmon/
栃木県＿車内クリーニング,緊急_灯油,嘔吐ニオイ清掃,touyu-kobosi,https://carinteriorcleaning.jp/regions/tochigi/touyu-kobosi/
栃木県＿車内クリーニング,緊急_ペット,嘔吐ニオイ清掃,oshikko,https://carinteriorcleaning.jp/regions/tochigi/oshikko/
栃木県＿車内クリーニング,消臭_口語,嘔吐ニオイ清掃,kuruma-nioi-keshi,https://carinteriorcleaning.jp/regions/tochigi/kuruma-nioi-keshi/
栃木県＿車内クリーニング,消臭_口語,嘔吐ニオイ清掃,kuruma-nioi-keshi,https://carinteriorcleaning.jp/regions/tochigi/kuruma-nioi-keshi/
栃木県＿車内クリーニング,消臭_口語,嘔吐ニオイ清掃,kuruma-nioi-keshi,https://carinteriorcleaning.jp/regions/tochigi/kuruma-nioi-keshi/
栃木県＿車内クリーニング,消臭_中古車,嘔吐ニオイ清掃,chuko-tabako,https://carinteriorcleaning.jp/regions/tochigi/chuko-tabako/
栃木県＿車内クリーニング,消臭_湿気カビ,嘔吐ニオイ清掃,shanai-nioi,https://carinteriorcleaning.jp/regions/tochigi/shanai-nioi/
栃木県＿車内クリーニング,消臭_湿気カビ,嘔吐ニオイ清掃,shanai-nioi,https://carinteriorcleaning.jp/regions/tochigi/shanai-nioi/
栃木県＿車内クリーニング,エアコン_エバポレーター,嘔吐ニオイ清掃,evaporator-senjo,https://carinteriorcleaning.jp/regions/tochigi/evaporator-senjo/
栃木県＿車内クリーニング,エアコン_エバポレーター,嘔吐ニオイ清掃,evaporator-senjo,https://carinteriorcleaning.jp/regions/tochigi/evaporator-senjo/
栃木県＿車内クリーニング,AG_エアコン_エバポ,嘔吐ニオイ清掃,evaporator-senjo,https://carinteriorcleaning.jp/regions/tochigi/evaporator-senjo/
栃木県＿車内クリーニング,AG_エアコン_エバポ,嘔吐ニオイ清掃,evaporator-senjo,https://carinteriorcleaning.jp/regions/tochigi/evaporator-senjo/
栃木県＿車内クリーニング,条件_出張,嘔吐ニオイ清掃,shutchou-senmon,https://carinteriorcleaning.jp/regions/tochigi/shutchou-senmon/
栃木県＿車内クリーニング,条件_出張,嘔吐ニオイ清掃,shutchou-senmon,https://carinteriorcleaning.jp/regions/tochigi/shutchou-senmon/
栃木県＿車内クリーニング,条件_出張,嘔吐ニオイ清掃,shutchou-senmon,https://carinteriorcleaning.jp/regions/tochigi/shutchou-senmon/
