qs,lpe,ctr,rel,status,slug,campaign,ad_group,keyword,url
1,Below average,Below average,Below average,Paused,,大阪府＿車内クリーニング,int大阪_通常清掃,車 の 内装 掃除,
1,Below average,Below average,Below average,Enabled,HUB,愛知県＿車内クリーニング,int トラック愛知,トラック 臭い 消し,https://carinteriorcleaning.jp/regions/aichi-truck/
1,Below average,Below average,Below average,Enabled,ac-nioi,沖縄県＿車内クリーニング,車　 エアコン臭い,車 の エアコン が 臭い,https://carinteriorcleaning.jp/regions/okinawa/ac-nioi/
1,Below average,Below average,Below average,Enabled,ac-nioi,沖縄県＿車内クリーニング,車　 エアコン臭い,車 エアコン カビ,https://carinteriorcleaning.jp/regions/okinawa/ac-nioi/
1,Below average,Below average,Below average,Paused,car-ac-cleaning,宮城県＿車内クリーニング,車 エアコンクリーニング,車 エアコンクリーニング,https://carinteriorcleaning.jp/regions/miyagi/car-ac-cleaning/
1,Below average,Below average,Below average,Paused,car-ac-cleaning,栃木県＿車内クリーニング,車 エアコンクリーニング,車 エアコンクリーニング,https://carinteriorcleaning.jp/regions/tochigi/car-ac-cleaning/
1,Below average,Below average,Below average,Enabled,interior-cleaning,群馬県＿車内クリーニング,int群馬_通常清掃,車内 クリーニング 専門 業者,https://carinteriorcleaning.jp/regions/gunma/interior-cleaning/
1,Below average,Below average,Below average,Enabled,interior-cleaning,栃木県＿車内クリーニング,int栃木_通常清掃,車内 清掃 プロ,https://carinteriorcleaning.jp/regions/tochigi/interior-cleaning/
1,Below average,Below average,Below average,Enabled,kareisyu,愛知県＿車内クリーニング,車　加齢臭,車 加齢臭,https://carinteriorcleaning.jp/regions/aichi/kareisyu/
1,Below average,Below average,Below average,Enabled,kuruma-nioi-keshi,栃木県＿車内クリーニング,消臭_口語,車 消臭,https://carinteriorcleaning.jp/regions/tochigi/kuruma-nioi-keshi/
1,Below average,Below average,Below average,Enabled,kuruma-nioitori,沖縄県＿車内クリーニング,車の匂い取り,車の匂い取り,https://carinteriorcleaning.jp/regions/okinawa/kuruma-nioitori/
1,Below average,Below average,Below average,Enabled,kuruma-nioitori,福岡県＿車内クリーニング,車の匂い取り,車の匂い取り,https://carinteriorcleaning.jp/regions/fukuoka/kuruma-nioitori/
1,Below average,Below average,Below average,Enabled,omorashi,栃木県＿車内クリーニング,車　 おもらし,車 おもらし,https://carinteriorcleaning.jp/regions/tochigi/omorashi/
1,Below average,Below average,Below average,Enabled,shanai-shoshu,愛知県＿車内クリーニング,車内 消臭・脱臭洗浄,車 シート 臭い,https://carinteriorcleaning.jp/regions/aichi/shanai-shoshu/
1,Below average,Below average,Below average,Enabled,shanai-shoshu,大阪府＿車内クリーニング,車内 消臭・脱臭洗浄,車 車内 消 臭,https://carinteriorcleaning.jp/regions/osaka/shanai-shoshu/
2,Below average,Below average,Average,Paused,HUB,大阪府＿車内クリーニング,int トラック大阪,車 ルーム クリーニング,https://carinteriorcleaning.jp/regions/osaka-truck/
2,Below average,Below average,Average,Enabled,ac-nioi,福岡県＿車内クリーニング,車　 エアコン臭い,車 エアコン臭い,https://carinteriorcleaning.jp/regions/fukuoka/ac-nioi/
2,Below average,Below average,Average,Enabled,ac-nioi,群馬県＿車内クリーニング,車　 エアコン臭い,車 エアコン臭い,https://carinteriorcleaning.jp/regions/gunma/ac-nioi/
2,Below average,Below average,Average,Paused,ac-nioi,栃木県＿車内クリーニング,車　 エアコン臭い,車 エアコン臭い,https://carinteriorcleaning.jp/regions/tochigi/ac-nioi/
2,Below average,Below average,Average,Enabled,car-ac-cleaning,大阪府＿車内クリーニング,車 エアコンクリーニング,車 エアコンクリーニング,https://carinteriorcleaning.jp/regions/osaka/car-ac-cleaning/
2,Below average,Below average,Average,Enabled,car-ac-cleaning,福岡県＿車内クリーニング,車 エアコンクリーニング,車 エアコンクリーニング,https://carinteriorcleaning.jp/regions/fukuoka/car-ac-cleaning/
2,Below average,Below average,Average,Enabled,kuruma-nioi-keshi,大阪府＿車内クリーニング,消臭_口語,車 消臭,https://carinteriorcleaning.jp/regions/osaka/kuruma-nioi-keshi/
2,Below average,Below average,Average,Enabled,kuruma-nioi-keshi,千葉県＿車内クリーニング,消臭_口語,車 消臭,https://carinteriorcleaning.jp/regions/chiba/kuruma-nioi-keshi/
2,Below average,Below average,Average,Enabled,kuruma-nioi-keshi,兵庫県＿車内クリーニング,消臭_口語,車 消臭,https://carinteriorcleaning.jp/regions/hyogo/kuruma-nioi-keshi/
2,Below average,Below average,Average,Enabled,kuruma-nioi-keshi,福岡県＿車内クリーニング,消臭_口語,車 消臭,https://carinteriorcleaning.jp/regions/fukuoka/kuruma-nioi-keshi/
2,Below average,Below average,Average,Enabled,kuruma-nioi-keshi,群馬県＿車内クリーニング,消臭_口語,車 消臭,https://carinteriorcleaning.jp/regions/gunma/kuruma-nioi-keshi/
2,Below average,Below average,Average,Enabled,kuruma-nioitori,大阪府＿車内クリーニング,車の匂い取り,車の匂い取り,https://carinteriorcleaning.jp/regions/osaka/kuruma-nioitori/
2,Below average,Below average,Average,Enabled,kuruma-nioitori,宮城県＿車内クリーニング,車の匂い取り,車の匂い取り,https://carinteriorcleaning.jp/regions/miyagi/kuruma-nioitori/
2,Below average,Below average,Average,Enabled,kuruma-nioitori,千葉県＿車内クリーニング,車の匂い取り,車の匂い取り,https://carinteriorcleaning.jp/regions/chiba/kuruma-nioitori/
2,Below average,Below average,Average,Enabled,kuruma-nioitori,兵庫県＿車内クリーニング,車の匂い取り,車の匂い取り,https://carinteriorcleaning.jp/regions/hyogo/kuruma-nioitori/
2,Below average,Below average,Average,Enabled,kuruma-nioitori,栃木県＿車内クリーニング,車の匂い取り,車の匂い取り,https://carinteriorcleaning.jp/regions/tochigi/kuruma-nioitori/
2,Below average,Below average,Average,Enabled,seat-cleaning,大阪府＿車内クリーニング,車シート クリーニング,自動車 シート 清掃,https://carinteriorcleaning.jp/regions/osaka/seat-cleaning/
2,Below average,Below average,Average,Enabled,shanai-shoshu,千葉県＿車内クリーニング,車内 消臭・脱臭洗浄,車 シート 臭い,https://carinteriorcleaning.jp/regions/chiba/shanai-shoshu/
2,Below average,Below average,Average,Enabled,shanai-shoshu,福岡県＿車内クリーニング,車内 消臭・脱臭洗浄,車 シート 臭い,https://carinteriorcleaning.jp/regions/fukuoka/shanai-shoshu/
2,Below average,Below average,Average,Enabled,shanai-shoshu,大阪府＿車内クリーニング,車内 消臭・脱臭洗浄,車内 脱臭,https://carinteriorcleaning.jp/regions/osaka/shanai-shoshu/
2,Below average,Below average,Average,Enabled,shanai-shoshu,大阪府＿車内クリーニング,車内 消臭・脱臭洗浄,車内 臭い,https://carinteriorcleaning.jp/regions/osaka/shanai-shoshu/
3,Below average,Average,Below average,Paused,,大阪府＿車内クリーニング,int大阪_通常清掃,ルーム クリーニング 車,
3,Below average,Below average,Above average,Paused,,大阪府＿車内クリーニング,int大阪_通常清掃,車 室内 掃除,
3,Below average,Below average,Above average,Paused,,大阪府＿車内クリーニング,int大阪_通常清掃,車 室内 清掃,
3,Below average,Average,Below average,Paused,,大阪府＿車内クリーニング,int大阪_通常清掃,車内 クリーニング 大阪 安い,
3,Below average,Below average,Above average,Paused,,大阪府＿車内クリーニング,int大阪_通常清掃,車内 掃除,
3,Below average,Below average,Above average,Paused,,大阪府＿車内クリーニング,int大阪_通常清掃,車内 洗浄,
3,Below average,Below average,Above average,Paused,,大阪府＿車内クリーニング,int大阪_通常清掃,車内 清掃,
3,Below average,Below average,Above average,Enabled,HUB,福岡県＿車内クリーニング,int トラック福岡,トラック 臭い 消し,https://carinteriorcleaning.jp/regions/fukuoka-truck/
3,Average,Below average,Below average,Paused,HUB,大阪府＿車内クリーニング,int トラック大阪,車 の 内装 掃除,https://carinteriorcleaning.jp/regions/osaka-truck/
3,Below average,Below average,Above average,Paused,HUB,大阪府＿車内クリーニング,int トラック大阪,車 エアコン 臭い,https://carinteriorcleaning.jp/regions/osaka-truck/
3,Below average,Below average,Above average,Paused,HUB,大阪府＿車内クリーニング,int トラック大阪,車 車内 清掃,https://carinteriorcleaning.jp/regions/osaka-truck/
3,Below average,Below average,Above average,Paused,HUB,大阪府＿車内クリーニング,int トラック大阪,車内 掃除,https://carinteriorcleaning.jp/regions/osaka-truck/
3,Below average,Below average,Above average,Paused,HUB,大阪府＿車内クリーニング,int トラック大阪,車内 清掃,https://carinteriorcleaning.jp/regions/osaka-truck/
3,Below average,Below average,Above average,Enabled,ac-nioi,大阪府＿車内クリーニング,車　 エアコン臭い,車 エアコン臭い,https://carinteriorcleaning.jp/regions/osaka/ac-nioi/
3,Below average,Below average,Above average,Paused,ac-nioi,宮城県＿車内クリーニング,車　 エアコン臭い,車 エアコン臭い,https://carinteriorcleaning.jp/regions/miyagi/ac-nioi/
3,Below average,Below average,Above average,Enabled,ac-nioi,愛知県＿車内クリーニング,車　 エアコン臭い,車 エアコン臭い,https://carinteriorcleaning.jp/regions/aichi/ac-nioi/
3,Below average,Below average,Above average,Enabled,ac-nioi,千葉県＿車内クリーニング,車　 エアコン臭い,車 エアコン臭い,https://carinteriorcleaning.jp/regions/chiba/ac-nioi/
3,Below average,Below average,Above average,Enabled,ac-nioi,兵庫県＿車内クリーニング,車　 エアコン臭い,車 エアコン臭い,https://carinteriorcleaning.jp/regions/hyogo/ac-nioi/
3,Below average,Below average,Above average,Enabled,ase,千葉県＿車内クリーニング,車　 汗,車 汗,https://carinteriorcleaning.jp/regions/chiba/ase/
3,Below average,Below average,Above average,Enabled,chuko-kareisyu,大阪府＿車内クリーニング,中古車加齢臭,中古車加齢臭,https://carinteriorcleaning.jp/regions/osaka/chuko-kareisyu/
3,Below average,Below average,Above average,Enabled,evaporator-senjo,大阪府＿車内クリーニング,AG_エアコン_エバポ,エアコン エバポレーター,https://carinteriorcleaning.jp/regions/osaka/evaporator-senjo/
3,Below average,Below average,Above average,Paused,evaporator-senjo,宮城県＿車内クリーニング,AG_エアコン_エバポ,エアコン エバポレーター,https://carinteriorcleaning.jp/regions/miyagi/evaporator-senjo/
3,Below average,Below average,Above average,Enabled,evaporator-senjo,兵庫県＿車内クリーニング,エアコン_エバポレーター,エアコン エバポレーター,https://carinteriorcleaning.jp/regions/hyogo/evaporator-senjo/
3,Below average,Below average,Above average,Paused,evaporator-senjo,栃木県＿車内クリーニング,AG_エアコン_エバポ,エアコン エバポレーター,https://carinteriorcleaning.jp/regions/tochigi/evaporator-senjo/
3,Below average,Below average,Above average,Enabled,kuruma-nioi-keshi,大阪府＿車内クリーニング,車 匂い 消し・消臭洗浄,車 匂い 消し,https://carinteriorcleaning.jp/regions/osaka/kuruma-nioi-keshi/
3,Below average,Below average,Above average,Enabled,kuruma-nioi-keshi,沖縄県＿車内クリーニング,車 匂い 消し・消臭洗浄,車 匂い 消し,https://carinteriorcleaning.jp/regions/okinawa/kuruma-nioi-keshi/
3,Below average,Below average,Above average,Enabled,kuruma-nioi-keshi,宮城県＿車内クリーニング,車 匂い 消し・消臭洗浄,車 匂い 消し,https://carinteriorcleaning.jp/regions/miyagi/kuruma-nioi-keshi/
3,Below average,Below average,Above average,Enabled,kuruma-nioi-keshi,愛知県＿車内クリーニング,車 匂い 消し・消臭洗浄,車 匂い 消し,https://carinteriorcleaning.jp/regions/aichi/kuruma-nioi-keshi/
3,Below average,Below average,Above average,Enabled,kuruma-nioi-keshi,千葉県＿車内クリーニング,車 匂い 消し・消臭洗浄,車 匂い 消し,https://carinteriorcleaning.jp/regions/chiba/kuruma-nioi-keshi/
3,Below average,Below average,Above average,Enabled,kuruma-nioi-keshi,兵庫県＿車内クリーニング,車 匂い 消し・消臭洗浄,車 匂い 消し,https://carinteriorcleaning.jp/regions/hyogo/kuruma-nioi-keshi/
3,Below average,Below average,Above average,Enabled,kuruma-nioi-keshi,福岡県＿車内クリーニング,車 匂い 消し・消臭洗浄,車 匂い 消し,https://carinteriorcleaning.jp/regions/fukuoka/kuruma-nioi-keshi/
3,Below average,Below average,Above average,Enabled,kuruma-nioi-keshi,群馬県＿車内クリーニング,車 匂い 消し・消臭洗浄,車 匂い 消し,https://carinteriorcleaning.jp/regions/gunma/kuruma-nioi-keshi/
3,Below average,Average,Below average,Enabled,kuruma-nioi-keshi,愛知県＿車内クリーニング,AG_消臭_口語,車 匂い 消し 業者,https://carinteriorcleaning.jp/regions/aichi/kuruma-nioi-keshi/
3,Below average,Average,Below average,Enabled,kuruma-nioi-keshi,千葉県＿車内クリーニング,AG_消臭_口語,車 匂い 消し 業者,https://carinteriorcleaning.jp/regions/chiba/kuruma-nioi-keshi/
3,Below average,Below average,Above average,Enabled,kuruma-nioi-keshi,宮城県＿車内クリーニング,消臭_口語,車 消臭,https://carinteriorcleaning.jp/regions/miyagi/kuruma-nioi-keshi/
3,Average,Below average,Below average,Enabled,kuruma-nioi-keshi,沖縄県＿車内クリーニング,消臭_口語,車内 消臭,https://carinteriorcleaning.jp/regions/okinawa/kuruma-nioi-keshi/
3,Below average,Below average,Above average,Enabled,kyuto-cleaning,大阪府＿車内クリーニング,車 嘔吐 クリーニング,車内 嘔吐 清掃,https://carinteriorcleaning.jp/regions/osaka/kyuto-cleaning/
3,Below average,Below average,Above average,Enabled,kyuto-cleaning,宮城県＿車内クリーニング,車 嘔吐 クリーニング,車内 嘔吐 清掃,https://carinteriorcleaning.jp/regions/miyagi/kyuto-cleaning/
3,Below average,Below average,Above average,Enabled,oshikko,大阪府＿車内クリーニング,車　 おしっこ,車 おしっこ,https://carinteriorcleaning.jp/regions/osaka/oshikko/
3,Below average,Below average,Above average,Enabled,pet-nioi,沖縄県＿車内クリーニング,車　 ペット臭,車 ペット臭,https://carinteriorcleaning.jp/regions/okinawa/pet-nioi/
3,Below average,Below average,Above average,Enabled,seat-senjo,沖縄県＿車内クリーニング,車シート 洗浄,車 シート 清掃,https://carinteriorcleaning.jp/regions/okinawa/seat-senjo/
3,Below average,Below average,Above average,Enabled,seat-senjo,群馬県＿車内クリーニング,車シート 洗浄,車シート 洗浄,https://carinteriorcleaning.jp/regions/gunma/seat-senjo/
3,Average,Below average,Below average,Enabled,shanai-shoshu,兵庫県＿車内クリーニング,車内 消臭・脱臭洗浄,車 シート 嘔吐 臭い,https://carinteriorcleaning.jp/regions/hyogo/shanai-shoshu/
3,Below average,Below average,Above average,Enabled,shanai-shoshu,大阪府＿車内クリーニング,車内 消臭・脱臭洗浄,車内 消 臭 剤,https://carinteriorcleaning.jp/regions/osaka/shanai-shoshu/
3,Below average,Below average,Above average,Enabled,shanai-shoshu,愛知県＿車内クリーニング,車内 消臭・脱臭洗浄,車内 消臭 脱臭,https://carinteriorcleaning.jp/regions/aichi/shanai-shoshu/
3,Below average,Below average,Above average,Enabled,shanai-shoshu,愛知県＿車内クリーニング,車内 消臭・脱臭洗浄,車内 脱臭,https://carinteriorcleaning.jp/regions/aichi/shanai-shoshu/
3,Below average,Below average,Above average,Enabled,shanai-shoshu,千葉県＿車内クリーニング,車内 消臭・脱臭洗浄,車内 脱臭,https://carinteriorcleaning.jp/regions/chiba/shanai-shoshu/
4,Below average,Average,Average,Paused,,大阪府＿車内クリーニング,int大阪_通常清掃,車内 クリーニング 専門 店,
4,Below average,Average,Average,Enabled,car-ac-cleaning,沖縄県＿車内クリーニング,車 エアコンクリーニング,車 エアコンクリーニング,https://carinteriorcleaning.jp/regions/okinawa/car-ac-cleaning/
4,Below average,Average,Average,Enabled,car-ac-cleaning,愛知県＿車内クリーニング,車 エアコンクリーニング,車 エアコンクリーニング,https://carinteriorcleaning.jp/regions/aichi/car-ac-cleaning/
4,Below average,Average,Average,Enabled,car-ac-cleaning,千葉県＿車内クリーニング,車 エアコンクリーニング,車 エアコンクリーニング,https://carinteriorcleaning.jp/regions/chiba/car-ac-cleaning/
4,Below average,Average,Average,Enabled,car-ac-cleaning,兵庫県＿車内クリーニング,車 エアコンクリーニング,車 エアコンクリーニング,https://carinteriorcleaning.jp/regions/hyogo/car-ac-cleaning/
4,Below average,Average,Average,Enabled,car-ac-cleaning,群馬県＿車内クリーニング,車 エアコンクリーニング,車 エアコンクリーニング,https://carinteriorcleaning.jp/regions/gunma/car-ac-cleaning/
4,Below average,Average,Average,Enabled,interior-cleaning,宮城県＿車内クリーニング,int宮城_通常清掃,車内 クリーニング 専門 店 宮城,https://carinteriorcleaning.jp/regions/miyagi/interior-cleaning/
4,Below average,Average,Average,Enabled,kuruma-nioi-keshi,愛知県＿車内クリーニング,消臭_口語,車 消臭,https://carinteriorcleaning.jp/regions/aichi/kuruma-nioi-keshi/
4,Below average,Average,Average,Enabled,kuruma-nioitori,愛知県＿車内クリーニング,車の匂い取り,車の匂い取り,https://carinteriorcleaning.jp/regions/aichi/kuruma-nioitori/
4,Below average,Average,Average,Enabled,kyuto-cleaning,沖縄県＿車内クリーニング,車 嘔吐 クリーニング,車内 嘔吐 清掃,https://carinteriorcleaning.jp/regions/okinawa/kyuto-cleaning/
4,Below average,Average,Average,Enabled,seat-cleaning,千葉県＿車内クリーニング,車シート クリーニング,車 シート 丸洗い 業者,https://carinteriorcleaning.jp/regions/chiba/seat-cleaning/
4,Below average,Average,Average,Enabled,seat-cleaning,大阪府＿車内クリーニング,車シート クリーニング,車シート クリーニング,https://carinteriorcleaning.jp/regions/osaka/seat-cleaning/
4,Below average,Average,Average,Enabled,seat-cleaning,愛知県＿車内クリーニング,車シート クリーニング,車シート クリーニング,https://carinteriorcleaning.jp/regions/aichi/seat-cleaning/
4,Below average,Average,Average,Enabled,seat-cleaning,群馬県＿車内クリーニング,車シート クリーニング,車シート クリーニング,https://carinteriorcleaning.jp/regions/gunma/seat-cleaning/
4,Below average,Average,Average,Enabled,shanai-shoshu,兵庫県＿車内クリーニング,車内 消臭・脱臭洗浄,車内 消 臭 プロ,https://carinteriorcleaning.jp/regions/hyogo/shanai-shoshu/
4,Average,Below average,Average,Enabled,shanai-shoshu,愛知県＿車内クリーニング,車内 消臭・脱臭洗浄,車内 臭い,https://carinteriorcleaning.jp/regions/aichi/shanai-shoshu/
5,Below average,Average,Above average,Paused,,大阪府＿車内クリーニング,int大阪_通常清掃,車 の 車内 清掃,
5,Below average,Average,Above average,Paused,,大阪府＿車内クリーニング,int大阪_通常清掃,車 内装 掃除,
5,Below average,Average,Above average,Paused,,大阪府＿車内クリーニング,int大阪_通常清掃,車 座席 クリーニング,
5,Below average,Average,Above average,Paused,,大阪府＿車内クリーニング,int大阪_通常清掃,車 車内 清掃,
5,Below average,Average,Above average,Paused,,大阪府＿車内クリーニング,int大阪_通常清掃,車内 クリーニング,
5,Below average,Average,Above average,Paused,,大阪府＿車内クリーニング,int大阪_通常清掃,車内 クリーニング 大阪,
5,Below average,Average,Above average,Paused,HUB,大阪府＿車内クリーニング,int トラック大阪,車 清掃 業者,https://carinteriorcleaning.jp/regions/osaka-truck/
5,Below average,Average,Above average,Paused,HUB,大阪府＿車内クリーニング,int トラック大阪,車内 クリーニング,https://carinteriorcleaning.jp/regions/osaka-truck/
5,Below average,Above average,Below average,Paused,HUB,大阪府＿車内クリーニング,int トラック大阪,車内 クリーニング 専門 店,https://carinteriorcleaning.jp/regions/osaka-truck/
5,Below average,Average,Above average,Paused,HUB,大阪府＿車内クリーニング,int トラック大阪,車内 洗浄,https://carinteriorcleaning.jp/regions/osaka-truck/
5,Average,Below average,Above average,Enabled,chuko-tabako,千葉県＿車内クリーニング,中古車タバコ臭,中古車タバコ臭,https://carinteriorcleaning.jp/regions/chiba/chuko-tabako/
5,Average,Below average,Above average,Enabled,chuko-tabako,兵庫県＿車内クリーニング,中古車タバコ臭,中古車タバコ臭,https://carinteriorcleaning.jp/regions/hyogo/chuko-tabako/
5,Below average,Average,Above average,Enabled,evaporator-senjo,大阪府＿車内クリーニング,エアコン_エバポレーター,エアコン エバポレーター,https://carinteriorcleaning.jp/regions/osaka/evaporator-senjo/
5,Below average,Average,Above average,Enabled,evaporator-senjo,福岡県＿車内クリーニング,エアコン_エバポレーター,エアコン エバポレーター,https://carinteriorcleaning.jp/regions/fukuoka/evaporator-senjo/
5,Below average,Average,Above average,Enabled,interior-cleaning,沖縄県＿車内クリーニング,int沖縄２515,沖縄 車内 清掃,https://carinteriorcleaning.jp/regions/okinawa/interior-cleaning/
5,Average,Average,Below average,Enabled,interior-cleaning,愛知県＿車内クリーニング,int愛知_通常清掃,車内 クリーニング 専門 店 愛知,https://carinteriorcleaning.jp/regions/aichi/interior-cleaning/
5,Average,Average,Below average,Enabled,interior-cleaning,愛知県＿車内クリーニング,int愛知_通常清掃,車内 クリーニング 専門 業者,https://carinteriorcleaning.jp/regions/aichi/interior-cleaning/
5,Below average,Above average,Below average,Enabled,interior-cleaning,福岡県＿車内クリーニング,int福岡_通常清掃,車内 クリーニング 専門 業者,https://carinteriorcleaning.jp/regions/fukuoka/interior-cleaning/
5,Below average,Average,Above average,Enabled,interior-cleaning,大阪府＿車内クリーニング,int大阪_通常清掃,車内 清掃 プロ,https://carinteriorcleaning.jp/regions/osaka/interior-cleaning/
5,Below average,Average,Above average,Enabled,kuruma-nioitori,群馬県＿車内クリーニング,車の匂い取り,車の匂い取り,https://carinteriorcleaning.jp/regions/gunma/kuruma-nioitori/
5,Average,Average,Below average,Enabled,kyuto-cleaning,福岡県＿車内クリーニング,車 嘔吐 クリーニング,車 クリーニング 福岡,https://carinteriorcleaning.jp/regions/fukuoka/kyuto-cleaning/
5,Average,Average,Below average,Enabled,kyuto-cleaning,沖縄県＿車内クリーニング,車 嘔吐 クリーニング,車内 嘔吐 クリーニング,https://carinteriorcleaning.jp/regions/okinawa/kyuto-cleaning/
5,Below average,Average,Above average,Enabled,kyuto-cleaning,千葉県＿車内クリーニング,車 嘔吐 クリーニング,車内 嘔吐 清掃,https://carinteriorcleaning.jp/regions/chiba/kyuto-cleaning/
5,Below average,Average,Above average,Enabled,kyuto-cleaning,兵庫県＿車内クリーニング,車 嘔吐 クリーニング,車内 嘔吐 清掃,https://carinteriorcleaning.jp/regions/hyogo/kyuto-cleaning/
5,Below average,Average,Above average,Enabled,kyuto-cleaning,福岡県＿車内クリーニング,車 嘔吐 クリーニング,車内 嘔吐 清掃,https://carinteriorcleaning.jp/regions/fukuoka/kyuto-cleaning/
5,Average,Below average,Above average,Enabled,pet-nioi,大阪府＿車内クリーニング,車　 ペット臭,車 ペット臭,https://carinteriorcleaning.jp/regions/osaka/pet-nioi/
5,Average,Below average,Above average,Enabled,pet-nioi,福岡県＿車内クリーニング,車　 ペット臭,車 ペット臭,https://carinteriorcleaning.jp/regions/fukuoka/pet-nioi/
5,Below average,Average,Above average,Enabled,seat-cleaning,千葉県＿車内クリーニング,車シート クリーニング,車シート クリーニング,https://carinteriorcleaning.jp/regions/chiba/seat-cleaning/
5,Below average,Above average,Below average,Enabled,seat-senjo,沖縄県＿車内クリーニング,車シート 洗浄,車 シート 洗浄 おすすめ,https://carinteriorcleaning.jp/regions/okinawa/seat-senjo/
5,Below average,Average,Above average,Enabled,seat-senjo,大阪府＿車内クリーニング,車シート 洗浄,車シート 洗浄,https://carinteriorcleaning.jp/regions/osaka/seat-senjo/
5,Below average,Average,Above average,Enabled,seat-senjo,沖縄県＿車内クリーニング,車シート 洗浄,車シート 洗浄,https://carinteriorcleaning.jp/regions/okinawa/seat-senjo/
5,Below average,Average,Above average,Enabled,seat-senjo,宮城県＿車内クリーニング,車シート 洗浄,車シート 洗浄,https://carinteriorcleaning.jp/regions/miyagi/seat-senjo/
5,Below average,Average,Above average,Enabled,seat-senjo,愛知県＿車内クリーニング,車シート 洗浄,車シート 洗浄,https://carinteriorcleaning.jp/regions/aichi/seat-senjo/
5,Below average,Average,Above average,Enabled,seat-senjo,千葉県＿車内クリーニング,車シート 洗浄,車シート 洗浄,https://carinteriorcleaning.jp/regions/chiba/seat-senjo/
5,Below average,Average,Above average,Enabled,seat-senjo,兵庫県＿車内クリーニング,車シート 洗浄,車シート 洗浄,https://carinteriorcleaning.jp/regions/hyogo/seat-senjo/
5,Below average,Average,Above average,Enabled,seat-senjo,福岡県＿車内クリーニング,車シート 洗浄,車シート 洗浄,https://carinteriorcleaning.jp/regions/fukuoka/seat-senjo/
5,Below average,Average,Above average,Enabled,seat-senjo,栃木県＿車内クリーニング,車シート 洗浄,車シート 洗浄,https://carinteriorcleaning.jp/regions/tochigi/seat-senjo/
5,Below average,Above average,Below average,Enabled,shanai-shoshu,宮城県＿車内クリーニング,車内 消臭・脱臭洗浄,車 シート 臭い,https://carinteriorcleaning.jp/regions/miyagi/shanai-shoshu/
5,Average,Below average,Above average,Enabled,shanai-shoshu,沖縄県＿車内クリーニング,車内 消臭・脱臭洗浄,車内 消臭,https://carinteriorcleaning.jp/regions/okinawa/shanai-shoshu/
5,Average,Below average,Above average,Enabled,shanai-shoshu,福岡県＿車内クリーニング,車内 消臭・脱臭洗浄,車内 脱臭,https://carinteriorcleaning.jp/regions/fukuoka/shanai-shoshu/
5,Average,Below average,Above average,Enabled,unko,沖縄県＿車内クリーニング,車　 うんこ,車 シート うんち,https://carinteriorcleaning.jp/regions/okinawa/unko/
6,Average,Average,Average,Paused,,大阪府＿車内クリーニング,int大阪_通常清掃,車 ルーム クリーニング,
6,Average,Average,Average,Enabled,interior-cleaning,千葉県＿車内クリーニング,int千葉_通常清掃,車内 クリーニング 専門 店 千葉,https://carinteriorcleaning.jp/regions/chiba/interior-cleaning/
6,Average,Average,Average,Enabled,interior-cleaning,大阪府＿車内クリーニング,int大阪_通常清掃,車内 クリーニング 専門 店 大阪,https://carinteriorcleaning.jp/regions/osaka/interior-cleaning/
6,Average,Average,Average,Enabled,interior-cleaning,福岡県＿車内クリーニング,int福岡_通常清掃,車内 クリーニング 専門 店 福岡,https://carinteriorcleaning.jp/regions/fukuoka/interior-cleaning/
6,Below average,Above average,Average,Enabled,interior-cleaning,群馬県＿車内クリーニング,int群馬_通常清掃,車内 クリーニング 専門 店 群馬,https://carinteriorcleaning.jp/regions/gunma/interior-cleaning/
6,Average,Average,Average,Enabled,interior-cleaning,宮城県＿車内クリーニング,int宮城_通常清掃,車内 クリーニング 専門 業者,https://carinteriorcleaning.jp/regions/miyagi/interior-cleaning/
6,Below average,Above average,Average,Enabled,interior-cleaning,千葉県＿車内クリーニング,int千葉_通常清掃,車内 クリーニング 専門 業者,https://carinteriorcleaning.jp/regions/chiba/interior-cleaning/
6,Average,Average,Average,Enabled,interior-cleaning,千葉県＿車内クリーニング,int千葉_通常清掃,車内 清掃 プロ,https://carinteriorcleaning.jp/regions/chiba/interior-cleaning/
6,Average,Above average,Below average,Enabled,kuruma-nioi-keshi,大阪府＿車内クリーニング,AG_消臭_口語,車 匂い 消し 業者,https://carinteriorcleaning.jp/regions/osaka/kuruma-nioi-keshi/
6,Average,Average,Average,Enabled,shanai-shoshu,愛知県＿車内クリーニング,車内 消臭・脱臭洗浄,車内 消 臭 プロ,https://carinteriorcleaning.jp/regions/aichi/shanai-shoshu/
6,Average,Above average,Below average,Enabled,shanai-shoshu,千葉県＿車内クリーニング,車内 消臭・脱臭洗浄,車内 消 臭 プロ,https://carinteriorcleaning.jp/regions/chiba/shanai-shoshu/
6,Average,Average,Average,Enabled,shanai-shoshu,群馬県＿車内クリーニング,車内 消臭・脱臭洗浄,車内 消 臭 プロ,https://carinteriorcleaning.jp/regions/gunma/shanai-shoshu/
6,Average,Above average,Below average,Enabled,shanai-shoshu,栃木県＿車内クリーニング,車内 消臭・脱臭洗浄,車内 消 臭 プロ,https://carinteriorcleaning.jp/regions/tochigi/shanai-shoshu/
7,Average,Average,Above average,Paused,,大阪府＿車内クリーニング,int大阪_通常清掃,車 の クリーニング,
7,Average,Average,Above average,Paused,,大阪府＿車内クリーニング,int大阪_通常清掃,車 の 内装 クリーニング,
7,Average,Average,Above average,Paused,,大阪府＿車内クリーニング,int大阪_通常清掃,車 の 室内 清掃,
7,Average,Average,Above average,Paused,,大阪府＿車内クリーニング,int大阪_通常清掃,車 室内 クリーニング,
7,Average,Average,Above average,Paused,HUB,大阪府＿車内クリーニング,int トラック大阪,車 室内 クリーニング,https://carinteriorcleaning.jp/regions/osaka-truck/
7,Below average,Above average,Above average,Paused,evaporator-senjo,栃木県＿車内クリーニング,AG_エアコン_エバポレーター,エバポレーター洗浄 出張,https://carinteriorcleaning.jp/regions/tochigi/evaporator-senjo/
7,Average,Above average,Average,Enabled,interior-cleaning,兵庫県＿車内クリーニング,int兵庫_通常清掃,車内 クリーニング 専門 店 兵庫,https://carinteriorcleaning.jp/regions/hyogo/interior-cleaning/
7,Average,Above average,Average,Enabled,interior-cleaning,大阪府＿車内クリーニング,int大阪_通常清掃,車内 クリーニング 専門 業者,https://carinteriorcleaning.jp/regions/osaka/interior-cleaning/
7,Average,Above average,Average,Enabled,interior-cleaning,兵庫県＿車内クリーニング,int兵庫_通常清掃,車内 クリーニング 専門 業者,https://carinteriorcleaning.jp/regions/hyogo/interior-cleaning/
7,Average,Above average,Average,Enabled,interior-cleaning,栃木県＿車内クリーニング,int栃木_通常清掃,車内 クリーニング 専門 業者,https://carinteriorcleaning.jp/regions/tochigi/interior-cleaning/
7,Average,Average,Above average,Paused,interior-cleaning,沖縄県＿車内クリーニング,int沖縄２515,車内 清掃,https://carinteriorcleaning.jp/regions/okinawa/interior-cleaning/
7,Average,Average,Above average,Enabled,kyuto-cleaning,大阪府＿車内クリーニング,車 嘔吐 クリーニング,車 クリーニング 大阪,https://carinteriorcleaning.jp/regions/osaka/kyuto-cleaning/
7,Average,Average,Above average,Enabled,kyuto-cleaning,沖縄県＿車内クリーニング,車 嘔吐 クリーニング,車 嘔吐 クリーニング,https://carinteriorcleaning.jp/regions/okinawa/kyuto-cleaning/
7,Average,Above average,Average,Enabled,kyuto-cleaning,大阪府＿車内クリーニング,車 嘔吐 クリーニング,車 嘔吐 クリーニング 大阪,https://carinteriorcleaning.jp/regions/osaka/kyuto-cleaning/
7,Average,Average,Above average,Enabled,kyuto-cleaning,愛知県＿車内クリーニング,車 嘔吐 クリーニング,車内 嘔吐 清掃,https://carinteriorcleaning.jp/regions/aichi/kyuto-cleaning/
7,Average,Above average,Average,Enabled,seat-cleaning,大阪府＿車内クリーニング,車シート クリーニング,車 シート 掃除 業者,https://carinteriorcleaning.jp/regions/osaka/seat-cleaning/
7,Average,Average,Above average,Enabled,seat-cleaning,福岡県＿車内クリーニング,車シート クリーニング,車 シート 掃除 業者,https://carinteriorcleaning.jp/regions/fukuoka/seat-cleaning/
7,Average,Average,Above average,Enabled,seat-cleaning,沖縄県＿車内クリーニング,車シート クリーニング,車シート クリーニング,https://carinteriorcleaning.jp/regions/okinawa/seat-cleaning/
7,Average,Average,Above average,Enabled,seat-cleaning,宮城県＿車内クリーニング,車シート クリーニング,車シート クリーニング,https://carinteriorcleaning.jp/regions/miyagi/seat-cleaning/
7,Below average,Above average,Above average,Enabled,seat-cleaning,兵庫県＿車内クリーニング,車シート クリーニング,車シート クリーニング,https://carinteriorcleaning.jp/regions/hyogo/seat-cleaning/
7,Average,Average,Above average,Enabled,seat-cleaning,福岡県＿車内クリーニング,車シート クリーニング,車シート クリーニング,https://carinteriorcleaning.jp/regions/fukuoka/seat-cleaning/
7,Average,Average,Above average,Enabled,seat-cleaning,栃木県＿車内クリーニング,車シート クリーニング,車シート クリーニング,https://carinteriorcleaning.jp/regions/tochigi/seat-cleaning/
7,Average,Above average,Average,Enabled,shanai-shoshu,大阪府＿車内クリーニング,車内 消臭・脱臭洗浄,車内 消 臭 プロ,https://carinteriorcleaning.jp/regions/osaka/shanai-shoshu/
7,Average,Average,Above average,Enabled,shanai-shoshu,沖縄県＿車内クリーニング,車内 消臭・脱臭洗浄,車内 脱臭,https://carinteriorcleaning.jp/regions/okinawa/shanai-shoshu/
8,Average,Above average,Above average,Enabled,HUB,大阪府＿車内クリーニング,int トラック大阪,トラック 室内 清掃,https://carinteriorcleaning.jp/regions/osaka-truck/
8,Average,Above average,Above average,Enabled,HUB,兵庫県＿車内クリーニング,int トラック兵庫,トラック 室内 清掃,https://carinteriorcleaning.jp/regions/hyogo-truck/
8,Average,Above average,Above average,Enabled,interior-cleaning,群馬県＿車内クリーニング,int群馬_通常清掃,車内 清掃 プロ,https://carinteriorcleaning.jp/regions/gunma/interior-cleaning/
8,Average,Above average,Above average,Enabled,kyuto-cleaning,大阪府＿車内クリーニング,AG_緊急_嘔吐,大阪 嘔吐 車内清掃,https://carinteriorcleaning.jp/regions/osaka/kyuto-cleaning/
8,Average,Above average,Above average,Enabled,seat-cleaning,福岡県＿車内クリーニング,車シート クリーニング,車 シート 丸洗い 業者,https://carinteriorcleaning.jp/regions/fukuoka/seat-cleaning/
8,Average,Above average,Above average,Enabled,shutchou-senmon,沖縄県＿車内クリーニング,出張 車内クリーニング 専門店,車内クリーニング 専門店,https://carinteriorcleaning.jp/regions/okinawa/shutchou-senmon/
